Protocol,Domain,Path,Having_IP,URL_Length,Having_@_symbol,Redirection_//_symbol,Prefix_suffix_separation,Sub_domains,tiny_url,web_traffic,domain_registration_length,dns_record,statistical_report,age_domain,http_tokens,label
http,asesoresvelfit.com,/media/datacredito.co/,0,0,0,0,0,0,1,1,1,1,0,1,0,1
http,caixa.com.br.fgtsagendesaqueconta.com,/consulta8523211/principal.php,0,1,0,0,0,1,0,1,1,1,1,1,0,1
http,hissoulreason.com,/js/homepage/home/,0,0,0,0,0,0,0,1,1,1,1,1,0,1
http,unauthorizd.newebpage.com,/webapps/66fbf/,0,0,0,0,0,0,0,1,1,1,1,1,0,1
http,133.130.103.10,/23/,1,0,0,0,0,2,0,1,1,1,0,1,0,1
http,dj00.co.vu,/css/,0,2,1,0,0,0,0,0,1,1,1,1,0,1
http,133.130.103.10,/21/logar/,1,0,0,0,0,2,0,1,1,1,0,1,0,1
http,httpssicredi.esy.es,/servico/sicredi/validarclientes/mobi/index.php,0,2,0,0,0,2,0,1,1,1,1,1,1,1
http,gamesaty.ga,/wp-content///yh/en/,0,2,0,1,0,0,0,1,1,1,0,1,0,1
http,luxuryupgradepro.com,/ymailNew/ymailNew/,0,0,0,0,0,0,0,1,1,1,0,1,0,1
http,133.130.103.10,/1/,1,0,0,0,0,2,0,1,1,1,0,1,0,1
http,133.130.103.10,/24/sicredi/psmlId/31/paneid/index.htm,1,2,0,0,0,1,0,1,1,1,0,1,0,1
http,smscaixaacesso.hol.es,,0,0,0,0,0,0,0,1,1,1,1,1,0,1
http,133.130.103.10,/7/SIIBC/siwinCtrl.php,1,0,0,0,0,1,0,1,1,1,0,1,0,1
http,tinyurl.com,/kjmmw57,0,0,0,0,0,0,1,0,1,1,0,1,0,1
http,wrightlandscapes.org,/no/T/Y1.html,0,0,0,0,0,0,0,1,1,1,1,1,0,1
http,mautic.eto-cms.ru,/themes/goldstar/mtbonline/newmandt/,0,2,0,0,1,0,0,1,1,1,0,1,0,1
http,ginatringali.com,//al/alibaba21012015/alibaba21012015/666/index.html,0,2,0,1,0,0,0,1,1,1,0,1,0,1
https,staticmail.000webhostapp.com,/,0,0,0,0,0,0,0,0,1,1,0,1,0,1
http,umeda.com.br,/bba/BOA/home/,0,0,0,0,0,0,0,1,1,1,1,1,0,1
http,krishworldwide.com,/BackUp/under/js/ayo1/index.html,0,2,0,0,0,0,0,1,1,1,0,1,0,1
http,yahoo.co.in,/email_open_log_pic.php,0,1,0,0,0,2,0,2,1,1,0,1,0,1
http,www.avcc.ac.in,/fonts/1/wropboxp/login.html,0,0,0,0,0,1,0,1,1,1,0,1,0,1
http,craig-hallum.ga,/sgg/1/login.htm,0,0,0,0,1,0,0,1,1,1,1,1,0,1
http,www.verification-mobile-nab.com,/cgi/e8e11a52ed442dc4b327eaa2f19c2521/login/,0,1,0,0,1,0,0,1,1,1,1,1,0,1
http,verification-mobile-nab.com,/cgi/e8e11a52ed442dc4b327eaa2f19c2521/login/,0,1,0,0,1,0,0,1,1,1,1,1,0,1
http,www.justpiddlinboutique.com,/win/image.htm,0,0,0,0,0,2,0,1,1,1,0,1,0,1
http,vcsolutionscorp.com,/Block/image.htm,0,0,0,0,0,0,0,1,1,1,1,1,0,1
http,almasur.com,/wp-includes/pomo/docusign17/,0,0,0,0,0,0,0,1,1,1,0,1,0,1
http,asesoresvelfit.com,/media/cms/datacredito.co/,0,0,0,0,0,0,1,1,1,1,0,1,0,1
https,getpeopleplus.com,/EserviceMain/irs/ir/index.html,0,2,0,0,0,0,0,1,1,1,0,1,0,1
https,taeamigo.com,/EserviceMain/irs/ir/index.html,0,0,0,0,0,0,0,1,1,1,0,1,0,1
https,elmundo-latino.com,/ir/index.html,0,0,0,0,1,0,0,1,1,1,1,1,0,1
http,sociopremiosedescontos.com,/cadastro/,0,0,0,0,0,0,0,1,1,1,1,1,0,1
http,cartaopremiadosicoob.com,,0,0,0,0,0,0,0,1,1,1,1,1,0,1
http,ms-0ffice365supportplanquota.us.com0203499083934.elegantvapour.co.uk,/0-009021--0203499083934.l3992389100283901233232400349902132443940090132/hotmail.login/client_id=00000002-0000-0ff1-ce00-000000000000&amp;/000-pc.domain/officelogin1.html,0,1,0,0,1,1,0,1,1,1,0,1,0,1
http,www.travrica.com,/ntime/T/Y1.html,0,0,0,0,0,2,0,1,1,1,0,1,0,1
http,system-tnc.esy.es,/recovery-chekpoint-login.html,0,2,0,0,1,2,0,1,1,1,1,1,0,1
http,sandralucashyde.org,/login.yahoo/yahoo.com%20[Lastet%20Update]/indexz.html,0,1,0,0,0,1,0,1,1,1,0,1,0,1
http,alexanderpetricek.com,/EserviceMain/irs/ir/index.html,0,2,0,0,0,0,0,1,1,1,1,1,0,1
http,di15.co.vu,/css/,0,2,0,0,0,0,0,0,1,1,1,1,0,1
http,sicredisms.ignitiondomain.com,/2017/validarclientes/mobi/index.php,0,2,0,0,0,2,0,1,1,1,1,1,0,1
https,rajspaces.com,/EserviceDLAcct/irs/ir/index.html,0,2,0,0,0,0,0,1,1,1,0,1,0,1
http,fb-systemapps.esy.es,/recovery-chekpoint-login.html,0,2,0,0,1,2,0,1,1,1,1,1,0,1
https,signin-activitysupport.helpcenter-supportfraudsignin.com,/mpp/signin/f341/,0,1,0,0,1,0,0,1,1,1,1,1,0,1
http,www.citadelchurchjax.com,/wp-admin/validateowa/owa/WebAdmin/Outlook%20Web%20App.htm,0,1,0,0,0,2,1,1,1,1,0,1,0,1
http,pradochaui.com.br,/criptografado1/index1.php,0,0,0,0,0,2,0,1,1,1,1,1,0,1
http,simnokomun.lt,/upload/omo/newgd2/newgd/moole/index.php,0,2,0,0,0,0,0,1,1,1,0,1,0,1
http,di11.co.vu,/css/,0,2,0,0,0,0,0,0,1,1,1,1,0,1
http,www.alligator.site,/wp-content/wall/gallary/fin/,0,2,0,0,0,0,0,1,1,1,0,1,0,1
http,tinyurl.com,/le5tcvf,0,0,0,0,0,0,1,0,1,1,0,1,0,1
http,tinyurl.com,/ll59xhm,0,0,0,0,0,0,1,0,1,1,0,1,0,1
https,tr.im,/1e0rQ,0,0,0,0,0,0,1,2,1,1,0,1,0,1
https,www.gommetermiche.it,/administrator/modules/auth.att.secure/login.htm,0,1,0,0,0,1,0,1,1,1,0,1,0,1
http,indonesianwonderagate.com,/zee/validate.htm,0,1,0,0,0,1,1,1,1,1,0,1,0,1
http,tinyurl.com,/ll59xhm,0,0,0,0,0,0,1,0,1,1,0,1,0,1
http,consultafgts.esy.es,/home,0,0,0,0,0,0,0,1,1,1,1,1,0,1
http,www.ultrakoz.com,/uploads/files/reloadedatt.net.html,0,2,0,0,0,1,0,1,1,1,0,1,0,1
http,www.blackabba.com,/sign-on/yahoo/Y1.html,0,0,0,0,0,2,0,1,1,1,0,1,0,1
http,carretroller.com.br,/sss/image.htm,0,0,0,0,0,2,0,1,1,1,1,1,0,1
https,www.mamujutengahkab.go.id,/terasconfig/www.att.net/,0,2,0,0,0,1,0,2,1,1,0,1,0,1
http,sandralucashyde.org,/login.yahoo/yahoo.com%20[Lastet%20Update]/indexz.html,0,1,0,0,0,1,0,1,1,1,0,1,0,1
http,extratoinativos.com,/Inativos/,0,0,0,0,0,0,0,1,1,1,1,1,0,1
http,consultar-fgts.com,/1index.php,0,0,0,0,1,0,0,1,1,1,1,1,0,1
http,portal-consultafgts.com,/caixa.gov.br/pages/inter/index.php,0,2,0,0,1,1,0,1,1,1,1,1,0,1
http,ni1232966-3.web20.nitrado.hosting,/finance/fnce/,0,2,0,0,1,2,0,2,1,1,0,1,0,1
http,fgtsliberacao.com,/processa.php,0,0,0,0,0,0,0,1,1,1,1,1,0,1
https,jokextreme.com,/irs.return/Payment%20Lookup.html,0,2,0,0,0,2,0,1,1,1,1,1,0,1
http,fb-safetyhelp.esy.es,/recovery-chekpoint-login.html,0,2,0,0,1,2,0,1,1,1,1,1,0,1
http,fb-securitypolicy101inc.esy.es,/recovery-chekpoint-login.html,0,2,0,0,1,2,0,1,1,1,1,1,0,1
http,fb-securityaccountlogincheck808.esy.es,/recovery-chekpoint-login.html,0,2,0,0,1,2,0,1,1,1,1,1,0,1
http,laghaimrevolution.com,/sign-on/yahoo/Y1.html,0,0,0,0,0,0,0,1,1,1,0,1,0,1
http,settings-acct024631.esy.es,/recovery-chekpoint-login.html,0,2,0,0,1,2,0,1,1,1,1,1,0,1
http,horizongarments.com,/Asher/image.htm,0,0,0,0,0,0,0,1,1,1,1,1,0,1
http,shittyurl.org,/5u,0,0,0,0,0,0,0,1,1,1,0,1,0,1
http,ni1232966-4.web16.nitrado.hosting,/ye/cmbr/,0,0,0,0,1,2,0,2,1,1,0,1,0,1
http,system-support-il.hol.es,/facebook-security,0,0,0,0,1,0,0,1,1,1,1,1,0,1
http,ow.ly,/IIzC30bBG3c,0,0,0,0,0,0,1,2,1,1,1,1,0,1
http,caixaservicosonline.epizy.com,,0,0,0,0,0,0,0,0,1,1,0,1,0,1
http,sandralucashyde.org,/login.yahoo/yahoo.com%20%5BLastet%20Update%5D/indexz.html,0,1,0,0,0,1,0,1,1,1,0,1,0,1
http,anniey06l5.myjino.ru,/byte/Cookies/Cookies/Pelewura/onlineverifica@tion/Preview.htm,0,1,1,0,0,2,0,1,1,1,1,1,0,1
http,www.supportt-team.com,/Confirmed/MyAccount/,0,0,0,0,1,0,0,1,1,1,1,1,0,1
https,forms.zohopublic.com,/koogee/form/ACTIVATIONFORM/formperma/g51Bb2g53DaChBA4be0h2kCA_,0,1,0,0,0,0,0,0,1,1,0,1,0,1
https,www.surveybuilder.com,/s/oFh4R/nav,0,0,0,0,0,0,0,1,1,1,0,1,0,1
https,a.doko.moe,/vschbi.html,0,0,0,0,0,2,0,1,1,1,0,1,0,1
https,forms.zohopublic.com,/foolieax/form/VERIFICATIONFROM/formperma/hg_466jHhCK6_6D61K5AC9eA4,0,1,0,0,0,0,0,0,1,1,0,1,0,1
http,muththamizh.com,/llc/production-llc/,0,0,0,0,0,0,0,1,1,1,0,1,0,1
http,cortazarurdaneta.com,/chn/5adfd99cf03b06771d81f8b5607f1d7e/,0,2,0,0,0,0,0,2,1,1,0,1,0,1
http,chasebankusa.paradisepaymentgold.com,/verification/M2908D716C8M54904AC8/card.php,0,1,0,0,0,2,0,1,1,1,1,1,0,1
http,briut.fruitfuldemo.com,/,0,0,0,0,0,0,0,1,1,1,1,1,0,1
http,afraniorodriguezrosero.com,/wp-admin/themes/pdf/,0,2,0,0,0,0,0,1,1,1,1,1,0,1
http,recovery-account-fb.hol.es,/facebook-support,0,1,0,0,1,0,0,1,1,1,1,1,0,1
https,verification-members.net,/webapps/3db39/,0,0,0,0,1,0,0,1,1,1,1,1,0,1
https,rajspaces.com,/upload/EserviceDLAcct/irs/ir/index.html,0,2,0,0,0,0,0,1,1,1,0,1,0,1
http,promocao-sicoob.cf,,0,0,0,0,1,0,0,1,1,1,1,1,0,1
https,secure-fbpages-notification.com,/,0,0,0,0,1,0,0,1,1,1,1,1,0,1
https,olcmeapp.com,/mko/image.htm,0,0,0,0,0,0,0,1,1,1,1,1,0,1
http,support-110048480a.esy.es,/security.page/,0,0,0,0,1,2,0,1,1,1,1,1,0,1
http,lesaventuriersvoyageurs.com,/js/paypal-account-confirm,0,2,0,0,0,0,0,2,1,1,0,1,0,1
http,restauracjagreenpepper.pl,//payment/payment/index.php,0,2,0,1,0,0,0,1,1,1,1,1,0,1
http,scs-network.com,/umpi/eba.html,0,0,0,0,1,0,0,1,1,1,0,1,0,1
https,redux.news,/chase/update/,0,0,0,0,0,0,0,1,1,1,1,1,0,1
http,cmfidouala.org,/jsdhkjhjdf/cgi-bin/image.htm,0,0,0,0,0,0,0,1,1,1,1,1,0,1
https,olcmeapp.com,/lol/image.htm,0,0,0,0,0,0,0,1,1,1,1,1,0,1
http,livewellprojects.com,/bay/T/Y1.html,0,0,0,0,0,0,0,1,1,1,0,1,0,1
http,attnethelp.webnode.com,,0,0,0,0,0,0,0,1,1,1,0,1,0,1
https,tinyurl.com,/kvuukxs,0,0,0,0,0,0,1,0,1,1,0,1,0,1
http,ridinghouseindia.com,/ywhl/Y%20index.html,0,0,0,0,0,0,0,1,1,1,0,1,0,1
http,amethystia.com,/T/Y1.html,0,0,0,0,0,0,0,1,1,1,0,1,0,1
http,paialowereasterncherokeenationsc.com,/aaaaa/login.htm,0,2,0,0,0,0,0,1,1,1,0,1,0,1
http,cover-acct06437.esy.es,/recovery-chekpoint-login.html,0,2,0,0,1,2,0,1,1,1,1,1,0,1
http,www.aharsntenetsrelsioncustomizedia.com,/domain/indexx.htm,0,2,0,0,0,2,0,1,1,1,1,1,0,1
http,safety-acct-003342.esy.es,/recovery-chekpoint-login.html,0,2,0,0,1,2,0,1,1,1,1,1,0,1
http,dressesmela.com,//kmd/image.htm,0,0,0,1,0,0,0,1,1,1,0,1,0,1
http,www.sicredisic.com.br,,0,0,0,0,0,2,0,1,1,1,1,1,0,1
http,31.220.111.56,/asdq12/,1,0,0,0,0,2,0,1,1,1,0,1,0,1
http,kuswanto.co.id,/wp-includes/cs/Indexxatt.htm,0,0,0,0,0,2,0,1,1,1,1,1,0,1
https,formcrafts.com,/a/valaccount,0,0,0,0,0,0,0,2,1,1,0,1,0,1
https,mattewfisher1.000webhostapp.com,/sal/YAH%21%21./ya2/index.php,0,2,0,0,0,1,0,0,1,1,0,1,0,1
http,www.singandvoice.com,/10405.php,0,0,0,0,0,2,0,1,1,1,1,1,0,1
http,www.sententia.com.ar,/PayPal/get_started/,0,0,0,0,0,2,0,1,1,1,0,1,0,1
http,149.56.201.163,/nis-card/,1,0,0,0,0,2,0,1,1,1,0,1,0,1
http,web-designing-india.org,/dpbx/dpbx/index.php,0,0,0,0,1,0,0,1,1,1,0,1,0,1
http,54.157.20.99,/principal.php,1,0,0,0,0,1,0,1,1,1,0,1,0,1
http,www.sea.com.sa,/images/filetypes/bankofamericam.com.8789373899383mins.rmsmrr/index,0,1,0,0,0,1,0,2,1,1,0,1,0,1
http,zogheb.com,/tooo/index_1.html,0,0,0,0,0,0,0,1,1,1,0,1,0,1
http,fgtscontasinativas.online,/home,0,0,0,0,0,0,0,1,1,1,1,1,0,1
http,consultasinvativasfgts.com,/processa.php,0,0,0,0,0,0,0,1,1,1,1,1,0,1
http,extratofgtsonline.com,/1index.php,0,0,0,0,0,0,0,1,1,1,1,1,0,1
http,store2.apple.ch.email-forwarding.webstore.websis.info,/sp/79900b0f5b721ddb89396e71eb7fad41/infos.html,0,1,0,0,1,1,0,1,1,1,1,1,0,1
http,www.citadelchurchjax.com,/wp-admin/data/owa/WebAdmin/Outlook%20Web%20App.htm,0,1,0,0,0,2,1,1,1,1,0,1,0,1
http,peloclub.com,/onlinepdffiles/Adobe/Adobe/property/adobe/index.html,0,2,0,0,0,0,0,1,1,1,0,1,0,1
https,www.innovi.cc,/tos/script/mail.htm,0,1,0,0,0,2,0,1,1,1,0,1,0,1
http,www.momsweetmoms.com,/demo2/Dropbox/Dropbox/,0,0,0,0,0,0,0,1,1,1,1,1,0,1
http,www.samanesang.com,/wp-content/themes/PDF/PDF/login.htm,0,2,0,0,0,2,0,1,1,1,1,1,0,1
http,store2.apple.ch.email-forwarding.webstore.websis.info,/de/,0,2,0,0,1,1,0,1,1,1,1,1,0,1
http,suisscards-ch.elecapponline.net,/ch-de/suisse/,0,0,0,0,1,0,0,1,1,1,1,1,0,1
http,store2.apple.ch.email-forwarding.webstore.websis.info,/sp/,0,2,0,0,1,1,0,1,1,1,1,1,0,1
http,asa-direct.ru,/bitrix/updates/servi/fr/doss/,0,0,0,0,1,0,0,1,1,1,0,1,0,1
http,pascasarjana.uniba-bpn.ac.id,/administrator/components/com_joomlaupdate/redire.html,0,1,0,0,1,1,0,2,1,1,0,1,0,1
http,hb.redllink.com,/.ars/empresas/login.htm,0,0,0,0,0,1,0,1,1,1,1,1,0,1
http,hb.redllink.com,/.ars/empresas/login.htm,0,2,0,0,0,1,0,1,1,1,1,1,0,1
http,xenangdaiduong.com.vn,/wp-config/Sign/,0,0,0,0,0,0,0,1,1,1,0,1,0,1
http,tizianabeauty.ch,/wp-content/plugins/Manage/ar4d65/checking/check/Support/ID-NUMB389/myaccount/signin/,0,1,0,0,0,0,0,1,1,1,1,1,0,1
http,zemindar.lt,/wp-content/languages/dpbx/index.php,0,2,0,0,0,0,0,1,1,1,0,1,0,1
http,www.crielv.com.br,/images/start2.php,0,0,0,0,0,1,0,1,1,1,0,1,0,1
http,www.sagittariusglobal.com,//portal/cache/Cielo/ambiente-seguro.php,0,2,0,1,0,2,0,1,1,1,0,1,0,1
http,www.sagittariusglobal.com,//portal/cache/Cielo/index.html,0,2,0,1,0,2,0,1,1,1,0,1,0,1
https,goo.gl,/MMT7sp,0,0,0,0,0,0,1,0,1,1,0,1,0,1
http,abuv.com.br,/cliente.conectado40/atendimento_pessoa_fisica/criptografado/index1.php,0,1,0,0,0,1,0,1,1,1,0,1,0,1
http,voetudoazul.serveuser.com,/tudoazul/cadastre.php,0,2,0,0,0,2,0,2,1,1,0,1,0,1
https,www.rustmaster.com.br,/ml/next1.php,0,0,0,0,0,1,0,1,1,1,0,1,0,1
https,www.rustmaster.com.br,/ml/,0,0,0,0,0,2,0,1,1,1,0,1,0,1
http,30horasdigital.myvnc.com,/30horasdigitalmodulodesegurancafeitoparavoce/,0,1,0,0,0,0,0,1,1,1,1,1,0,1
http,i-house.se,/wp-trackback/en/,0,1,0,0,1,0,0,1,1,1,0,1,0,1
http,prayogispl.in,/elisnow/ymail.html,0,0,0,0,0,0,0,1,1,1,1,1,0,1
http,zdcp.org,/iiii/feedback/login.alibaba.com/login.html,0,2,0,0,0,1,0,1,1,1,1,1,0,1
http,celebrapack.com,/dhnl/DHL/DHL/,0,0,0,0,0,0,0,1,1,1,0,1,0,1
http,www.hyperbay.net,/merchants/controller/tool/www.alibaba.com/alibaba/trade.php,0,1,0,0,0,1,0,1,1,1,1,1,0,1
http,thehotelmanagment.com,/Prime/,0,0,0,0,0,0,1,1,1,1,1,1,0,1
https,binary-project.com,/cha/chase/home/action.php,0,0,0,0,1,0,1,2,1,1,0,1,0,1
http,abuv.com.br,/cliente.conectado33/atendimento_pessoa_fisica/criptografado/index1.php,0,1,0,0,0,1,0,1,1,1,0,1,0,1
http,cover-acct09964.esy.es,/recovery-chekpoint-login.html,0,2,0,0,1,2,0,1,1,1,1,1,0,1
http,academica.pt,/U/mail.htm,0,0,0,0,0,0,0,1,1,1,0,1,0,1
http,kalempong-fb01.esy.es,/recovery-chekpoint-login.html,0,2,0,0,1,2,0,1,1,1,1,1,0,1
http,dujanapublicschool.com,/b/WellsLINK/WellsLINK/WellsLINK/WellsLINK/WellsLINK/WellsLINK/WellsLINK/WellsLINK/WellsLINK/WellsLINK/WellsLINK/WellsLINK/index.html,0,1,0,0,0,0,0,1,1,1,0,1,0,1
http,abuv.com.br,/cliente.conectado1/atendimento_pessoa_fisica/criptografado/index1.php,0,1,0,0,0,1,0,1,1,1,0,1,0,1
http,paialowereasterncherokeenationsc.com,/aaaaa/login.htm,0,2,0,0,0,0,0,1,1,1,0,1,0,1
http,abuv.com.br,/1cliente.conectado.jw1/atendimento_pessoa_fisica/criptografado/index1.php,0,1,0,0,0,1,0,1,1,1,0,1,0,1
http,34.201.92.123,/indisponivel.php,1,0,0,0,0,1,0,1,1,1,0,1,0,1
http,149.56.144.216,/processa.php,1,0,0,0,0,1,0,1,1,1,0,1,0,1
http,jose200495fgts.com,/processa.php,0,0,0,0,0,0,0,1,1,1,1,1,0,1
http,34.224.68.176,/principal.php,1,0,0,0,0,1,0,1,1,1,0,1,0,1
http,consultasaldossl.com,,0,0,0,0,0,0,0,1,1,1,1,1,0,1
http,meusaldos.com,,0,0,0,0,0,0,0,1,1,1,1,1,0,1
http,fgts-mobile.com,/processa.php,0,0,0,0,1,0,0,1,1,1,1,1,0,1
http,fgts.mobi,/processa.php,0,0,0,0,0,0,0,1,1,1,1,1,0,1
http,aolonlineservices.cba.pl,/chase.php,0,0,0,0,0,2,0,0,1,1,0,1,0,1
http,caixa.extratofgtsliberados2017.com,/consulta8647454/principal.php,0,2,0,0,0,2,0,1,1,1,1,1,0,1
http,webmailupgrade-001-site1.itempurl.com,/webmaster-secure/owa/confirm.php,0,1,0,0,1,2,0,0,1,1,1,1,0,1
http,scs-network.com,/umpi/dba.html,0,0,0,0,1,0,0,1,1,1,0,1,0,1
http,shittyurl.org,/5q,0,0,0,0,0,0,0,1,1,1,0,1,0,1
http,ronin.com.pk,/hnm/logintoyahoomail.htm,0,0,0,0,0,2,0,1,1,1,0,1,0,1
http,raik.hub-web.com,/proccesing-fbaccountss/login.php,0,2,0,0,1,2,0,2,1,1,0,1,0,1
http,provoliprints.gr,/001/update.html,0,0,0,0,0,0,0,2,1,1,0,1,0,1
http,service-info-dk.hol.es,/facebook-confirmation,0,0,0,0,1,0,0,1,1,1,1,1,0,1
http,www.goepsa.com,/Old%20Files/yahoo/IDCHECK.html,0,0,0,0,0,2,0,1,1,1,0,1,0,1
http,tinyurl.com,/kbvf6qz,0,0,0,0,0,0,1,0,1,1,0,1,0,1
http,dh16.co.vu,/css//,0,2,0,1,0,0,0,0,1,1,1,1,0,1
http,kontuit-fb01.esy.es,/recovery-chekpoint-login.html,0,2,0,0,1,2,0,1,1,1,1,1,0,1
http,hunmumu.com,/str/Ma/,0,0,0,0,0,0,0,1,1,1,1,1,0,1
http,ctrl4enviro.com,/wp-includes/SimplePie/Content/Type/Caption/Pelewura/onlineverifica@tion/Preview.htm,0,1,1,0,0,0,0,2,1,1,0,1,0,1
http,wwp-cartasi-titoari-portale-sicreuzza-2017.dynamic-dns.net,/gtwpage1e10/index-jsp.html,0,1,0,0,1,2,0,2,1,1,0,1,0,1
http,communitysicurezza.3mitalia.it,/iTunesConnecto.store/WebObjects/common/update.woa/app/registre/index.php,0,1,0,0,0,1,0,2,1,1,0,1,0,1
http,kustomfloordesigns.com,/doc!/index.php,0,0,0,0,0,0,0,1,1,1,0,1,0,1
http,www.goepsa.com,/Old%20Files/opt/doneall.html,0,0,0,0,0,2,0,1,1,1,0,1,0,1
http,citydesignerweb.com,/mmm/rain.php,0,0,0,0,0,0,0,1,1,1,1,1,0,1
http,www.goepsa.com,/Old%20Files/yahoo/IDCHECK.html,0,0,0,0,0,2,0,1,1,1,0,1,0,1
http,tinyurl.com,/mt87qw3,0,0,0,0,0,0,1,0,1,1,0,1,0,1
http,stikliniekadarbnica.lv,/zrichieattnii/attiinnddeexx.php,0,2,0,0,0,0,0,1,1,1,1,1,0,1
http,caixa.consultafgtsinativoliberado2017.com,/consulta4023542/indisponivel.php,0,1,0,0,0,2,0,1,1,1,1,1,0,1
http,sicoob-card.com,/2017/,0,0,0,0,1,0,0,1,1,1,1,1,0,1
http,bit.ly,/2pWteUy,0,0,0,0,0,0,1,0,1,1,0,1,0,1
http,bit.ly,/2qkCl2Y,0,0,0,0,0,0,1,0,1,1,0,1,0,1
http,communicatewithsh.com,/shellnor/mttkl3.com/2650/1survey/,0,2,0,0,0,0,0,1,1,1,1,1,0,1
http,unifr-ch.weebly.com,/,0,0,0,0,1,0,0,1,1,1,0,1,0,1
https,formcrafts.com,/a/27508,0,0,0,0,0,0,0,2,1,1,0,1,0,1
http,www.giftmorden.com,/a1/crypt/index.html,0,0,0,0,0,2,0,1,1,1,1,1,0,1
https,snspsladwa.org,/googledrive/GDocHistory/e5252c7fc60f2701c2555c99694aca59/,0,1,0,0,0,0,0,1,1,1,0,1,0,1
http,outlookmaintenace.urest.org,/,0,0,0,0,0,0,0,2,1,1,0,1,0,1
http,viewerpdf.com,/098876665/verification.php,0,1,0,0,0,0,0,1,1,1,1,1,0,1
http,www.herbertundschnipsi.de,/fgts/indisponivel.php,0,2,0,0,0,2,0,1,1,1,0,1,0,1
http,servicossociaiscaixa.com.br,,0,0,0,0,0,0,0,1,1,1,1,1,0,1
http,karuniabinainsani-16.co.id,/wp-includes/dev24/home/confirm.php,0,2,0,0,1,2,0,1,1,1,1,1,0,1
http,violattions-notifications-seresa.esy.es,/confirmations/index.html,0,2,0,0,1,2,0,1,1,1,1,1,0,1
http,recover-acct5487.esy.es,/recovery-chekpoint-login.html,0,2,0,0,1,2,0,1,1,1,1,1,0,1
http,bit.ly,/2pgU0ne,0,0,0,0,0,0,1,0,1,1,0,1,0,1
http,skafs.ca,/Wealthsecuredhelp/ivxn/home/,0,0,0,0,0,0,0,1,1,1,0,1,0,1
http,scs-network.com,/kem/aba.html,0,0,0,0,1,0,0,1,1,1,0,1,0,1
https,anuragjewellery.com,/upd_CH_as/2bc34fe40102b33bffca0b8a38f2b4e7/,0,2,0,0,0,0,0,1,1,1,1,1,0,1
http,nnconsultoria.com.br,/Atendimento.Pessoa.Fisica82/atendimento_pessoa_fisica/criptografado/index1.php,0,1,0,0,0,1,0,1,1,1,1,1,0,1
https,anuragjewellery.com,/upd_CH_as/index.php,0,0,0,0,0,0,0,1,1,1,1,1,0,1
http,safety-check-739210.esy.es,/index.html,0,0,0,0,1,2,0,1,1,1,1,1,0,1
http,ellimanestate.executeart.in,/$%25%23&%25*/,0,0,0,0,0,0,0,1,1,1,1,1,0,1
http,bit.ly,/2qpbHFX,0,0,0,0,0,0,1,0,1,1,0,1,0,1
http,netibesanta.esy.es,/www/,0,0,0,0,0,0,0,1,1,1,1,1,0,1
http,netibesanta.esy.es,/,0,0,0,0,0,0,0,1,1,1,1,1,0,1
http,nnconsultoria.com.br,/Atendimento.Pessoa.Fisica13/atendimento_pessoa_fisica/criptografado/index1.php,0,1,0,0,0,1,0,1,1,1,1,1,0,1
http,fgts-inativados.com,/vXs3P4pta6/pages/inter/index.php,0,2,0,0,1,0,0,1,1,1,1,1,0,1
http,it-maintenance.tripod.com,/,0,0,0,0,1,0,0,1,1,1,0,1,0,1
http,consultacontasinativa.com,/gov/processa.php,0,0,0,0,0,0,0,1,1,1,1,1,0,1
http,extratoinativo.com,/inativos/,0,0,0,0,0,0,0,1,1,1,1,1,0,1
http,unimore.gr,/shay/work/page/zip/secure/12120521a7245f21cec4ea331e4498b7/,0,1,0,0,0,0,0,1,1,1,0,1,0,1
https,security-update-center.serverlux.me,/signin/,0,2,0,0,1,2,0,1,1,1,1,1,0,1
http,webmupgrde060517.tripod.com,/,0,0,0,0,0,0,0,1,1,1,0,1,0,1
http,www.neymo.org,/joomla/edu/zi.htm,0,0,0,0,0,2,0,1,1,1,0,1,0,1
http,nnconsultoria.com.br,/Atendimento.Pessoa.Fisica23/atendimento_pessoa_fisica/criptografado/index1.php,0,1,0,0,0,1,0,1,1,1,1,1,0,1
http,nnconsultoria.com.br,/Atendimento.Pessoa.Fisica26/atendimento_pessoa_fisica/criptografado/index1.php,0,1,0,0,0,1,0,1,1,1,1,1,0,1
http,loogin-recovery-account87.esy.es,/confirmation/,0,0,0,0,1,0,0,1,1,1,1,1,0,1
http,roadfitterapparel.com,/uploads/coco/zi.htm,0,0,0,0,0,0,0,1,1,1,0,1,0,1
http,hydracsa.com,/po/io/index.html,0,0,0,0,0,0,0,1,1,1,0,1,0,1
http,loogin-facebook-safety.esy.es,/confirmation/,0,0,0,0,1,0,0,1,1,1,1,1,0,1
http,service-info-il.hol.es,/log1.php,0,0,0,0,1,2,0,1,1,1,1,1,0,1
http,service-info-il.hol.es,/facebook-confirmation,0,0,0,0,1,0,0,1,1,1,1,1,0,1
http,info-service-il.hol.es,/log1.php,0,0,0,0,1,2,0,1,1,1,1,1,0,1
http,info-service-il.hol.es,/facebook-security,0,0,0,0,1,0,0,1,1,1,1,1,0,1
http,kingsupteded.com,/squarespace/squar/KE11Y/,0,0,0,0,0,0,0,1,1,1,1,1,0,1
http,blueappleassociates.com,/Images/index_files/change/0.html,0,2,0,0,0,0,0,1,1,1,1,1,0,1
http,Summerseason.tavapirts.lv,/dpp/index.html,0,0,0,0,0,2,0,1,1,1,1,1,0,1
http,sharkprojects.fruitfuldemo.com,/css/Yahoologin.htm,0,2,0,0,0,2,0,1,1,1,1,1,0,1
http,www.cavazosengineering.com,/cgi-bin./microsoft/,0,0,0,0,0,2,0,1,1,1,0,1,0,1
http,nnconsultoria.com.br,/Atendimento.Pessoa.Fisica9/atendimento_pessoa_fisica/criptografado/index1.php,0,1,0,0,0,1,0,1,1,1,1,1,0,1
http,acct-cover-0899812.esy.es,/index.html,0,0,0,0,1,2,0,1,1,1,1,1,0,1
http,tumbuang-fb.esy.es,/recovery-chekpoint-login.html,0,2,0,0,1,2,0,1,1,1,1,1,0,1
http,bank.barclays.co.uk.olb.auth.loginlink.action.loginlink.action.loginlink.action.loginlink.action.onandoffagain.com,/cloudit/,0,1,0,0,0,1,0,1,1,1,0,1,0,1
http,tehofilter.fi,/www.cartaobndes.gov.br/,0,0,0,0,0,1,0,1,1,1,0,1,0,1
http,nnconsultoria.com.br,/Atendimento.Pessoa.Fisica01/atendimento_pessoa_fisica/criptografado/index1.php,0,1,0,0,0,1,0,1,1,1,1,1,0,1
http,marcof.pro.br,/acesso.criptografado4/cliente.conectado1/pessoa.fisica.recadastrar/cadastrar.referencia/acesso.pendente.comunicacao/index.html,0,1,0,0,0,1,0,1,1,1,0,1,0,1
http,desearch.co.uk,/plugins/captcha/recaptcha/hmrc/revenue/,0,2,0,0,0,0,0,1,1,1,0,1,0,1
http,xn--https-servio-85-omb.jelastic.regruhosting.ru,/www.santander.com.br/br/Cadastramento/pessoa-fisica/santander-van-gogh/index1.php,0,1,0,0,1,1,0,2,1,1,0,1,1,1
http,www.lineyuy.cn,/,0,0,0,0,0,0,0,1,1,1,1,1,0,1
http,webmail-app-outlook-info.weebly.com,,0,0,0,0,1,0,0,1,1,1,0,1,0,1
http,indexdateprofile.890m.com,/match/info,0,0,0,0,0,0,0,2,1,1,1,1,0,1
http,zdcp.org,/ali/feedback/login.alibaba.com/login.jsp.html,0,1,1,0,0,1,0,1,1,1,1,1,0,1
http,www.bsgodenderleeuw.be,/ikoi.php,0,0,0,0,0,2,0,1,1,1,0,1,0,1
http,sol-manager.fr,/raiffeisien/ebanking/login.php,0,0,0,0,1,0,0,1,1,1,1,1,0,1
https,www.wifibkk.com,/wp-content/themes/js/nab/,0,0,0,0,0,0,0,1,1,1,1,1,0,1
http,notice-payment.invoiceappconfirmation.com,/Login.php,0,1,0,0,1,2,0,1,1,1,1,1,0,1
http,sitesumo.com,/outlook-app/main.html,0,0,0,0,0,0,0,2,1,1,0,1,0,1
http,www.r129motoring.com,/SLWerks.com/wp-includes/js/tinymce/themes/modern/default/,0,1,0,0,0,2,0,1,1,1,0,1,0,1
http,novavidasamambaia.com.br,/admin/ckeditor/plugins/link/linkedin.com/,0,2,0,0,0,2,0,1,1,1,1,1,0,1
http,academica.pt,/U/mail.htm,0,1,0,0,0,0,0,1,1,1,0,1,0,1
http,academica.pt,/U/mail.htm,0,1,0,0,0,0,0,1,1,1,0,1,0,1
http,www.bestsearch.info,/,0,0,0,0,0,0,0,1,1,1,0,1,0,1
http,innovateapp.ru,/inj/1au/03.php,0,0,0,0,0,0,0,1,1,1,1,1,0,1
http,ovtoc.com,/wp-content/themes/Astra/images/webapps/mpp/home/,0,1,0,0,0,0,0,1,1,1,0,1,0,1
http,www.ellepimmobiliare.it,/www.santandernet.com.br-br/pessoa-fisica/santander-van-gogh/aplicativos/index1.php,0,1,0,0,0,1,1,1,1,1,0,1,0,1
http,www.ellepimmobiliare.it,/www.santandernet.com.br-br/pessoa-fisica/santander-van-gogh/aplicativos/index1.php,0,1,0,0,0,1,1,1,1,1,0,1,0,1
http,env-9019617.jelastic.regruhosting.ru,/libraries/legacy/access/system.php,0,1,0,0,1,1,0,2,1,1,0,1,0,1
http,ambrosiabanquethall.com,/mtdocss/index.php,0,0,0,0,0,0,0,1,1,1,0,1,0,1
http,depatmens-recons002.esy.es,/recovery-chekpoint-login.html,0,2,0,0,1,2,0,1,1,1,1,1,0,1
https,secure-notification-pagesfb-inc.com,/,0,0,0,0,1,0,0,1,1,1,1,1,0,1
http,gispi.in,/serv/update.account.online/,0,0,0,0,0,2,0,1,1,1,0,1,0,1
http,saedds4343354.esy.es,/,0,0,0,0,0,0,0,1,1,1,1,1,0,1
http,acct-recover7895345546.esy.es,/index.html,0,0,0,0,1,2,0,1,1,1,1,1,0,1
http,www.ssmh.cz,/puvodni/alaba/aligranny.php,0,0,0,0,0,2,0,1,1,1,0,1,0,1
http,freshinktattoostudio.com.au,/wp-includes/opt.php,0,2,0,0,0,2,0,1,1,1,1,1,0,1
http,www.syscan-id.com,//tmp/install_4e01bd078ea7d/admin/views/Unibe.php,0,2,0,1,1,2,0,1,1,1,0,1,0,1
http,caixa.fgtsliberado2017.com,/consulta6347674/index.php,0,1,0,0,0,2,0,1,1,1,1,1,0,1
http,acct-recover7895345.esy.es,/index.html,0,0,0,0,1,2,0,1,1,1,1,1,0,1
http,checkpoint-erorr-fb005.esy.es,/recovery-chekpoint-login.html,0,2,0,0,1,2,0,1,1,1,1,1,0,1
http,checkpoint-info-fb9t.esy.es,/recovery-chekpoint-login.html,0,2,0,0,1,2,0,1,1,1,1,1,0,1
http,support1213112.hol.es,/log.php,0,0,0,0,0,2,0,1,1,1,1,1,0,1
http,support1213112.hol.es,/facebook-security,0,0,0,0,0,0,0,1,1,1,1,1,0,1
http,recovery-account-fb-chekpoin-8108.esy.es,/recovery/index.html,0,2,0,0,1,2,0,1,1,1,1,1,0,1
http,www.digitalworld.tv,/store/sessions/asd654ds8ds45/0242ce5905/login.php,0,1,0,0,0,2,0,1,1,1,0,1,0,1
http,info-support-il.hol.es,/log1.php,0,0,0,0,1,2,0,1,1,1,1,1,0,1
http,info-support-il.hol.es,/facebook,0,0,0,0,1,0,0,1,1,1,1,1,0,1
http,wish4job.com,/page/musapdf.html,0,0,0,0,0,0,0,1,1,1,0,1,0,1
http,c0.16mb.com,/k/,0,0,0,0,0,0,0,1,1,1,1,1,0,1
http,orgcontalex.com.br,/acesso.criptografado2/cliente.conectado1/pessoa.fisica.recadastrar/cadastrar.referencia/acesso.pendente.comunicacao/index.html,0,1,0,0,0,1,1,1,1,1,1,1,0,1
http,last-warning-fb1.esy.es,/recovery-chekpoint-login.html,0,2,0,0,1,2,0,1,1,1,1,1,0,1
https,www.digital-sms-online.com.br,/rb001/apk/dll/,0,0,0,0,1,2,0,1,1,1,1,1,0,1
http,emaillsantander.com,/mobile/app/manage.php,0,0,0,0,0,0,0,1,1,1,1,1,0,1
http,recover-fb01.esy.es,/recovery-chekpoint-login.html,0,2,0,0,1,2,0,1,1,1,1,1,0,1
http,olenelife.com,/sessions/paypal/,0,1,0,0,0,0,0,1,1,1,0,1,0,1
http,cover-acct56467.esy.es,/index.html,0,0,0,0,1,2,0,1,1,1,1,1,0,1
http,safecheck-acct5151.esy.es,/help/recovery-chekpoint-login.html,0,2,0,0,1,2,0,1,1,1,1,1,0,1
https,suspicous-payments-helping.com,/webapps/a6d92/websrc,0,2,0,0,1,0,0,1,1,1,1,1,0,1
http,petektemizleme.biz.tr,/index.php,0,0,0,0,0,2,0,1,1,1,1,1,0,1
http,pages-5566.hol.es,/log1.php,0,0,0,0,1,2,0,1,1,1,1,1,0,1
http,pages-5566.hol.es,/facebook-security,0,0,0,0,1,0,0,1,1,1,1,1,0,1
https,secure-notification-fbpages-inc.com,/,0,0,0,0,1,0,0,1,1,1,1,1,0,1
http,goterbox33.esy.es,/recovery-chekpoint-login.html,0,2,0,0,0,2,0,1,1,1,1,1,0,1
http,httpssecure.belhalfs.beget.tech,/auth/auth/issues/,0,2,0,0,0,2,0,0,1,1,1,1,1,1
http,www.floraprive.com,/zhi/Unibe.html,0,0,0,0,0,2,0,1,1,1,0,1,0,1
http,blancogris.com,/Unibe.php,0,0,0,0,0,0,0,1,1,1,0,1,0,1
http,lacasadelcarpintec.com,/smp/yahoop.html,0,0,0,0,0,0,0,1,1,1,0,1,0,1
http,www.cr-mufg-jp.win,/service/visitors/asps/sinkitou,0,2,0,0,1,0,0,1,1,1,1,1,0,1
http,www.reo15.moe.go.th,/reo15/components/Signin.php,0,2,0,0,0,1,0,0,1,1,0,1,0,1
http,onlinedecu.cba.pl,/yahoo.php,0,0,0,0,0,2,0,0,1,1,0,1,0,1
http,bakekapw2.com,/FOC.php,0,0,0,0,0,0,0,1,1,1,1,1,0,1
https,www.missalli.nl,/images/banners/english-0/en/en/doss/,0,2,0,0,0,0,0,1,1,1,0,1,0,1
http,fgts-caixa.cf,/principal.php,0,0,0,0,1,0,0,1,1,1,1,1,0,1
https,excelsolarenergy.com,/cgi/sign2/,0,0,0,0,0,0,0,1,1,1,0,1,0,1
https,rattikagmr.in,/cjf/neeew/new%20outlook/,0,0,0,0,0,0,0,1,1,1,0,1,0,1
http,fractus.com,/atendimento.santander.pessoa.fisica11/atendimento_pessoa_fisica/atualizar/index1.php,0,1,0,0,0,1,0,2,1,1,0,1,0,1
http,getthelps-recoveri-disables.esy.es,/confirmations/index.html,0,2,0,0,1,2,0,1,1,1,1,1,0,1
https,newsvanguard.in,/secure/BOA/home/confirm.php,0,0,0,0,0,0,0,1,1,1,1,1,0,1
http,festainfantilbh.com.br,/central/images/casa_small.jpg,0,2,0,0,0,2,0,1,1,1,0,1,0,1
http,hormontant.se,/wp-includes/css/picuter/www.pnc/page/verification/online/1/index.html,0,1,0,0,0,2,0,1,1,1,0,1,0,1
http,Usaa.doc.bizburrows.com,,0,0,0,0,0,2,0,1,1,1,1,1,0,1
http,webdropbox.net,/GOG/yGnHFKdhsd.php,0,0,0,0,0,0,0,1,1,1,1,1,0,1
http,pages-5564.hol.es,/facebook-security,0,0,0,0,1,0,0,1,1,1,1,1,0,1
http,pages-5508.hol.es,/log1.php,0,0,0,0,1,2,0,1,1,1,1,1,0,1
http,pages-5508.hol.es,/facebook-confirmation,0,0,0,0,1,0,0,1,1,1,1,1,0,1
http,ip55.ip-144-217-29.net,/www.itau.com.br/CartaoMilhas/atendimento/chama.php,0,1,0,0,1,1,0,1,1,1,0,1,0,1
http,safety-check-893465.esy.es,/index.html,0,0,0,0,1,2,0,1,1,1,1,1,0,1
http,safety-check-938407.esy.es,/index.html,0,0,0,0,1,2,0,1,1,1,1,1,0,1
http,acct-recover67868.esy.es,/index.html,0,0,0,0,1,2,0,1,1,1,1,1,0,1
http,kalera-fb-scrty1.esy.es,/recovery-chekpoint-login.html,0,2,0,0,1,2,0,1,1,1,1,1,0,1
http,fppkdo.pspu.ru,/error/058f0b949d02568411f89bf8/ppgoindexpage.php,0,1,0,0,0,1,0,2,1,1,0,1,0,1
http,www.hotelcaucasia.com,/login.php,0,1,0,0,0,2,0,1,1,1,0,1,0,1
http,zovermedical.com.sa,/blessed/aptgd/,0,0,0,0,0,0,0,1,1,1,0,1,0,1
http,kancelaria24online.pl,/logs/,0,0,0,0,0,0,0,1,1,1,0,1,0,1
http,contact-support-fb.hol.es,/verify/index.php,0,0,0,0,1,2,0,1,1,1,1,1,0,1
https,secretsofthemind.net,/wp-includes/js/tinymce/plugins/paste/js/acc/d65fd/security/signin/,0,1,0,0,0,0,0,1,1,1,1,1,0,1
http,fb-securityloginfo707txtinc.esy.es,/recovery-chekpoint-login.html,0,2,0,0,1,2,0,1,1,1,1,1,0,1
http,polymer-pipe.com,/a,0,0,0,0,1,0,0,1,1,1,0,1,0,1
http,johnricerealtydadeville.com,/image/adobepdf/91d471cc9840f4d3471602ee7aec0623/,0,1,0,0,0,0,0,1,1,1,1,1,0,1
http,fb-safety-system2017.esy.es,/recovery-chekpoint-login.html,0,2,0,0,1,2,0,1,1,1,1,1,0,1
http,depatmens-recon2017.esy.es,/recovery-chekpoint-login.html,0,2,0,0,1,2,0,1,1,1,1,1,0,1
http,extratocontasinativas.com,/web/,0,0,0,0,0,0,0,1,1,1,1,1,0,1
http,marcof.pro.br,/acesso.criptografado/cliente.conectado/pessoa.fisica.recadastrar/cadastrar.referencia/acesso.pendente.comunicacao/index.html,0,1,0,0,0,1,0,1,1,1,0,1,0,1
http,sistemaconsultainativos.com,/web/inter/,0,0,0,0,0,0,0,1,1,1,1,1,0,1
http,fractus.com,/pessoa_fisica_maio05/atendimento_pessoa_fisica/atualizar/index1.php,0,1,0,0,0,0,0,2,1,1,0,1,0,1
http,bigrichpoems.com,/dr/filewords/,0,0,0,0,0,0,0,1,1,1,0,1,0,1
http,bigrichpoems.com,/doz/filewords/,0,0,0,0,0,0,0,1,1,1,0,1,0,1
http,importradee.com,/ju/abvto/,0,0,0,0,0,0,0,1,1,1,1,1,0,1
http,asdgxfhxhxchxcxcvhhvhhf.blogspot.com,/,0,0,0,0,0,0,1,1,1,1,0,1,0,1
http,fdhdfhdfhhfdfdhhdfhhfddfdf.blogspot.com,/,0,0,0,0,0,0,1,1,1,1,0,1,0,1
http,adadaadjaldkadlhadlsajlshsaah.blogspot.com,/,0,0,0,0,0,0,1,1,1,1,0,1,0,1
http,system-internos24hs.com,/internas/,0,0,0,0,1,0,0,1,1,1,1,1,0,1
http,re-sourceerror.esy.es,/recovery-chekpoint-login.html,0,2,0,0,1,2,0,1,1,1,1,1,0,1
http,miprofe.cl,/wp-admin/network/rdr/5/,0,0,0,0,0,0,0,1,1,1,1,1,0,1
http,vbly.us,/2qtk,0,0,0,0,0,0,0,2,1,1,0,1,0,1
http,sicoob-conta.com,/clientes/,0,0,0,0,1,0,0,1,1,1,1,1,0,1
http,seapost.com.ua,/img/Customerservicetill.htm,0,0,0,0,0,2,1,1,1,1,0,1,0,1
http,hjdjdk44d.net,/mainbuding/aol/,0,0,0,0,0,0,0,1,1,1,1,1,0,1
http,anywayrocks.org,/cas.html,0,0,0,0,0,0,0,1,1,1,1,1,0,1
http,whautopilots.com,/wp-content/uploads/CBT/chase/chase/card.php,0,2,0,0,0,0,0,1,1,1,0,1,0,1
http,er1cd13r.com,/css/update.html,0,0,0,0,0,0,0,1,1,1,1,1,0,1
http,www.edleigh.co.za,/wp-admin/css/colors/coffee/cas.html,0,2,0,0,0,1,0,1,1,1,0,1,0,1
http,www.zemo.org.ua,/wp-includes/js/images/start.php,0,2,0,0,0,1,0,1,1,1,1,1,0,1
http,shib.ncsu.edu.nllt.cf,/idp/profile/SAML2/POST/SSO%3bjsessionid=node016xk3r5433jv81iwht2ysid47t867465.node0%3fexecution=e1s1/,0,1,0,0,0,1,0,1,1,1,0,1,0,1
http,logs.en-action.com,/accounts-login-confirmphp/,0,0,0,0,1,0,0,1,1,1,1,1,0,1
http,aboutus.in,/admin/outlook/validate/WebAdmin/Outlook%20Web%20App.htm,0,2,0,0,0,0,0,1,1,1,0,1,0,1
http,m-amir.com,/egyteb/biz/,0,0,0,0,1,0,0,1,1,1,1,1,0,1
http,sjlearning.com.my,/assets/kcfinder/upload/no_user/files/xnowxoffnowxnowoffhd/Log/home/websc-login.php,0,1,0,0,0,2,0,1,1,1,0,1,0,1
http,wbmexed.com.ng,/Exchange/,0,0,0,0,0,0,0,1,1,1,1,1,0,1
http,phukien365.vn,/Postepay/,0,0,0,0,0,0,0,1,1,1,0,1,0,1
http,cart-si-titolari-20-17-efdgdf.dynamic-dns.net,/red1/,0,2,0,0,1,0,0,2,1,1,0,1,0,1
http,support109381.hol.es,/facebook-security,0,0,0,0,0,0,0,1,1,1,1,1,0,1
http,recovers-check-accounts.hol.es,/recovery/recovery-chekpoint-login.html,0,1,0,0,1,2,0,1,1,1,1,1,0,1
http,recover-fb-warning01.esy.es,/recovery-chekpoint-login.html,0,2,0,0,1,2,0,1,1,1,1,1,0,1
http,fb-recover-10.esy.es,/recovery-chekpoint-login.html,0,2,0,0,1,2,0,1,1,1,1,1,0,1
http,owahelpsno.16mb.com,/,0,0,0,0,0,0,0,1,1,1,1,1,0,1
http,webmailhelpdeskstaff.000webhostapp.com,/,0,0,0,0,0,0,0,0,1,1,0,1,0,1
http,purrfectphonesexjobs.com,/!!..HXLaZaGsnp..!!//index.php,0,2,0,1,0,1,0,1,1,1,0,1,0,1
http,eagleinfotech.edu.sg,/plugin/font-awesome/fonts/fontawesome-webfont.php,0,1,0,0,0,2,0,2,1,1,0,1,0,1
http,www.clickimagem.pt,/modules/mod_banners/docume.php,0,2,0,0,0,2,0,1,1,1,1,1,0,1
http,www.riclogauto.96.lt,/login.php,0,0,0,0,0,1,0,0,1,1,1,1,0,1
http,www.desertsportswear.com,/bankofamerica.com/,0,0,0,0,0,2,0,1,1,1,0,1,0,1
http,dooglinn.beget.tech,/pp1/web17asp/,0,0,0,0,0,0,0,0,1,1,0,1,0,1
http,lpmnuansa.undip.ac.id,/pro/1/index.htm,0,0,0,0,0,1,0,0,1,1,0,1,0,1
http,lpmnuansa.undip.ac.id,/pro/2/index.htm,0,0,0,0,0,1,0,0,1,1,0,1,0,1
http,m.facebook.com------------------login-secured.liraon.com,/sign_in.htm,0,2,0,0,1,1,0,1,1,1,0,1,0,1
http,j-wearfetish.com,/atendimento/caixa.gov.br/pages/inter/index.php,0,2,0,0,1,1,0,1,1,1,1,1,0,1
http,fgtscontasinativas.16mb.com,/index.php,0,0,0,0,0,2,0,1,1,1,1,1,0,1
http,portalfgts.com,/caixa.gov.br/pages/inter/index.php,0,2,0,0,0,1,0,1,1,1,1,1,0,1
http,103.236.137.117,/caixa.gov.br/pages/inter/,1,0,0,0,0,1,0,1,1,1,0,1,0,1
http,normansfinejewelry.com,/ASDE/QWAUTHW/asb.co.nz/index.htm,0,2,0,0,0,1,0,1,1,1,0,1,0,1
http,inhomecareidaho.com,/wp-includes/news/dropbaka/07b4089c45eabdd3349d4d8ba473301a/pindex.php,0,1,0,0,0,0,0,1,1,1,1,1,0,1
http,mainepta.org,/eme/gm/excel/excel/,0,0,0,0,0,0,0,1,1,1,1,1,0,1
http,caixa.suportedeconsultafgtsliberado.com,/consulta9104336/index.php,0,1,0,0,0,2,0,1,1,1,1,1,0,1
http,www.saiastrology.com,/sender/Leaves/filewords/index.php,0,2,0,0,0,2,0,1,1,1,0,1,0,1
http,notify-action-acct.esy.es,/recovery-chekpoint-login.html,0,2,0,0,1,2,0,1,1,1,1,1,0,1
http,fangtasiaphonesex.com,/Godsgrace/Dropfile/,0,0,0,0,0,0,1,1,1,1,1,1,0,1
http,latitudeinfra.com,/admin/uploade/01myfs/dada9b67bf59f6aadf1357adbdfc409a/,0,1,0,0,0,0,0,1,1,1,0,1,0,1
https,boxmail-fullupgrade.com,/secured/,0,0,0,0,1,0,0,1,1,1,1,1,0,1
http,www.michaelsmolski.com,/0w1/Owa/,0,0,0,0,0,0,0,1,1,1,0,1,0,1
http,miprofe.cl,/wp-admin/network/rdr/4/,0,0,0,0,0,0,0,1,1,1,1,1,0,1
http,kesenianjawa.undip.ac.id,/wp-content/plugins/ADOBE_YEAR_2017/index.htm,0,1,0,0,0,1,0,0,1,1,0,1,0,1
https,u.nu,/zfy,0,0,0,0,0,0,0,2,1,1,0,1,0,1
http,tinyurl.com,/lhzy2me,0,0,0,0,0,0,1,0,1,1,0,1,0,1
http,cover-acct789345.esy.es,/index.html,0,0,0,0,1,2,0,1,1,1,1,1,0,1
http,depatmens-recons001.esy.es,/recovery-chekpoint-login.html,0,2,0,0,1,2,0,1,1,1,1,1,0,1
http,carolyneslick.com,/sos/Chase_Online.html,0,0,0,0,0,0,0,1,1,1,1,1,0,1
http,protecfb-error.esy.es,/recovery-chekpoint-login.html,0,2,0,0,1,2,0,1,1,1,1,1,0,1
http,cover-acct76483.esy.es,/index.html,0,0,0,0,1,2,0,1,1,1,1,1,0,1
http,attxn.net,/m/cprodx.att.net/commonLogin/igate_edam/controller.html,0,2,0,0,0,1,0,1,1,1,1,1,0,1
http,bit.ly,/2pKUTZ0,0,0,0,0,0,0,1,0,1,1,0,1,0,1
http,assasasauysuysauysaysayasa.blogspot.com,/,0,0,0,0,0,0,1,1,1,1,0,1,0,1
http,miprofe.cl,/wp-admin/network/rdr/16/,0,0,0,0,0,0,0,1,1,1,1,1,0,1
http,click.waw.pl,/mas678ben,0,0,0,0,0,0,0,1,1,1,0,1,0,1
http,sac-uol-conteudo.byethost15.com,/www.sac.uol.com.br/pagamento2/,0,2,0,0,1,1,0,2,1,1,0,1,0,1
http,sac-uol-conteudo.byethost15.com,/www.sac.uol.com.br/pagamento2/index4.html,0,1,0,0,1,1,0,2,1,1,0,1,0,1
https,shastivelcotton.com,/images/trash/Indexxatt/Indexxatt.htm,0,2,0,0,0,0,0,1,1,1,0,1,0,1
http,ring-my-bell.com,/secure/nn/nn/,0,0,0,0,1,0,0,1,1,1,0,1,0,1
http,cname.hub-web.com,/proccesing-fbaccountss/login.php,0,2,0,0,1,2,0,2,1,1,0,1,0,1
http,h2hventures.co,/styles/,0,0,0,0,0,0,0,1,1,1,0,1,0,1
http,acessoseguroatodos.com,/melhorandoonline/Urgente/SantanderSelect/index1.php,0,1,0,0,0,0,0,1,1,1,1,1,0,1
http,caixa.suportedeconsultafgtsliberado.com,/,0,0,0,0,0,0,0,1,1,1,1,1,0,1
http,ournepal.com,/images/band_of_kathmandu/scarred/fomula1/ssControlPanel.htm,0,1,0,0,0,0,0,1,1,1,0,1,0,1
http,harigoindia.com,/old-site/xx/ya/Yahoo.htm,0,0,0,0,0,0,0,1,1,1,0,1,0,1
http,segurana.my-free.website,/,0,0,0,0,1,0,0,0,1,1,1,1,1,1
https,secure.saginawheadstart.org,/myaccount/,0,0,0,0,0,0,0,1,1,1,1,1,0,1
http,04daa73b.ngrok.io,/secured42/23e08230a93871fa650553ccdf54ecf7/signin/,0,1,0,0,0,1,0,1,1,1,0,1,0,1
http,kiwi-pools.com,/dir8/confirm_identity.php,0,1,0,0,1,0,0,1,1,1,1,1,0,1
http,pages-5507.hol.es,/facebook-security,0,0,0,0,1,0,0,1,1,1,1,1,0,1
http,www.mir-holoda.by,/price.files/match.html,0,0,0,0,1,1,0,2,1,1,0,1,0,1
http,support-fb-page.hol.es,/logins.php,0,0,0,0,1,2,0,1,1,1,1,1,0,1
http,paranavida.com.br,/fontz/logss/filewords/,0,0,0,0,0,0,0,1,1,1,0,1,0,1
http,phpmatrimonialscript.in,/wp-includes/SimplePie/css/BOA/qes.php,0,2,0,0,0,0,0,2,1,1,0,1,0,1
http,rccgpavilion.org,/components/com_acymailing/controllers/js/fr/frebox158418/e1acec14bad70e2d1a80566e6c3108c4/,0,1,0,0,0,0,0,1,1,1,0,1,0,1
http,doutorconsorcio.com.br,/folder3/Arch/Arch/Archive/,0,2,0,0,0,0,0,1,1,1,1,1,0,1
http,vuongquocsen.com,/index.html.php,0,1,0,0,0,2,0,1,1,1,1,1,0,1
http,www.sping-doo.si,/Site_Seguro/www/Santander.com/br/Cliente=ID=/,0,2,0,0,1,2,0,1,1,1,0,1,0,1
http,safety-check-278836.esy.es,/index.html,0,0,0,0,1,2,0,1,1,1,1,1,0,1
http,qzsclothing.com,/mailbox/Yah/T/Y1.html,0,0,0,0,0,0,0,1,1,1,0,1,0,1
http,recover-acct88000.esy.es,/index.html,0,0,0,0,1,2,0,1,1,1,1,1,0,1
http,last-warning-fb113.esy.es,/recovery-chekpoint-login.html,0,2,0,0,1,2,0,1,1,1,1,1,0,1
http,lexavierpartners.com,/lex/info/,0,0,0,0,0,0,0,1,1,1,0,1,0,1
http,mobile-free.kofoed-fr.com,/Compte/93843687342927348376/8325682376834768237648/92029/d6b56/moncompte/,0,1,0,0,1,0,0,1,1,1,1,1,0,1
http,primelog.amzweb.com.br,/image/flags/sss/alibaba/index.php,0,1,1,0,0,1,0,1,1,1,1,1,0,1
http,phpmatrimonialscript.in,/wp-includes/SimplePie/css/BOA/card.php,0,2,0,0,0,0,0,2,1,1,0,1,0,1
https,atualizar-cadastro.com,/-bb/,0,0,0,0,1,0,0,1,1,1,0,1,0,1
http,mobile-free.kofoed-fr.com,/Compte/93843687342927348376/8325682376834768237648/95993/65569/moncompte/,0,1,0,0,1,0,0,1,1,1,1,1,0,1
http,dentalimplantformula.com,/nichepatients.com/,0,0,0,0,0,0,0,1,1,1,1,1,0,1
http,mobile-free.kofoed-fr.com,/Compte/93843687342927348376/8325682376834768237648/92029/da9cc/moncompte/,0,1,0,0,1,0,0,1,1,1,1,1,0,1
http,fgtsconsultainativos.com,/inter/web/,0,0,0,0,0,0,0,1,1,1,1,1,0,1
http,saldofgtsgov.com,/caixa.gov.br/pages/inter/index.php,0,2,0,0,0,1,0,1,1,1,1,1,0,1
http,promocaorecar.ga,/zn/info.php,0,0,0,0,0,0,0,1,1,1,1,1,0,1
http,mobilier-lemnmasiv.ro,/wp-content/plugins/giga-slider/lang/alibaba.com/Login.htm,0,1,0,0,1,2,0,1,1,1,1,1,0,1
http,igforweddingpros.com,/hhhhhhh/driveup/63f2b3c183ef56ec7a14e79141d6df0c/login.php,0,1,0,0,0,0,0,1,1,1,1,1,0,1
http,www.fahwonmai.tv,/sites/all/databases/index.php,0,0,0,0,0,2,0,1,1,1,1,1,0,1
http,owaispsecuredesk2017.myfreesites.net,/,0,0,0,0,0,0,0,2,1,1,0,1,0,1
http,forfindquality.com,/Core/Foundation/Exception/li.php,0,2,0,0,0,0,0,1,1,1,0,1,0,1
http,loadingspeacceasy.atwebpages.com,/update-payment.php,0,2,0,0,0,2,0,1,1,1,0,1,0,1
http,virgilecatherine.fr,/oral/css/login.php,0,0,0,0,0,0,0,1,1,1,0,1,0,1
http,www.supporto-informatici.info,/cartasi_1.php,0,0,0,0,1,2,0,1,1,1,1,1,0,1
http,www.antiquehostel.ro,/logs/sxxs/0e92aeba37fa2bcc59a7999f36df2f6d/verification/verification.php,0,1,0,0,0,2,0,1,1,1,0,1,0,1
http,www.desertsportswear.com,/bankofamerica.com/f2ad24ed2c72565d5df52a7bfa652351/,0,1,0,0,0,2,0,1,1,1,0,1,0,1
http,www.pursorder.esy.es,/purchase/req.php,0,0,0,0,0,1,0,1,1,1,1,1,0,1
http,supporto-informatici.info,/cartasi_2.php,0,0,0,0,1,0,0,1,1,1,1,1,0,1
http,www.mir-holoda.by,/price.files/adobeCom/inc/index.php,0,2,0,0,1,1,0,2,1,1,0,1,0,1
http,newsvanguard.in,/secure/BOA/home/info.php,0,1,0,0,0,0,0,1,1,1,1,1,0,1
http,newsvanguard.in,/secure/BOA/home/confirm.php,0,1,0,0,0,0,0,1,1,1,1,1,0,1
http,newsvanguard.in,/secure/BOA/home/info.php,0,1,0,0,0,0,0,1,1,1,1,1,0,1
https,newsvanguard.in,/secure/BOA/home/confirm.php,0,1,0,0,0,0,0,1,1,1,1,1,0,1
http,saferpdf.000webhostapp.com,/adobe.html,0,0,0,0,0,2,0,0,1,1,0,1,0,1
http,guard.trustlawsuits.com,/fresh.php,0,0,0,0,0,2,0,1,1,1,1,1,0,1
https,supremehosting.co.nz,/client/ioncube/Update/paypal/login.php,0,1,0,0,0,2,0,1,1,1,0,1,0,1
http,backup.din-14675.de,/tmp/s.png/,0,2,0,0,1,2,0,1,1,1,0,1,0,1
http,sandiegovendingmachine.com,/wp-admin/cs/domain/Login.php,0,2,0,0,0,0,0,1,1,1,0,1,0,1
http,emailbradesco.esy.es,/mail/mobile/app/thmpv.php,0,2,0,0,0,2,0,1,1,1,1,1,0,1
http,www.fontedevidaeterna.org.br,/confirminfochaseonline.com/chase/5915a83c5ca352d1a60f39bf8aacaff2/email.php,0,1,0,0,0,1,0,1,1,1,0,1,0,1
http,sivasosb.org.tr,/joomla1.txt,0,2,1,0,0,1,0,2,1,1,0,1,0,1
http,cabinetelendil.be,/hil/office/,0,0,0,0,0,0,0,1,1,1,1,1,0,1
https,universityrankings.com.au,/css/OWA(1).HTML,0,0,0,0,0,2,0,2,1,1,0,1,0,1
http,snfp.ro,/wp-content/plugins/moc.htm,0,0,0,0,0,0,0,1,1,1,0,1,0,1
http,bit.ly,/2p6nYKl,0,0,0,0,0,0,1,0,1,1,0,1,0,1
https,srixlex.com,/server/squar/KE11Y,0,0,0,0,0,0,1,1,1,1,1,1,0,1
http,constructions.pancakeapps.com,,0,0,0,0,0,0,0,2,1,1,0,1,0,1
http,poggisub.it,/modules/Dropbox/Dropbox/Dropbox/1f539c7b586499970ef4ac3c9f72f596/,0,1,0,0,0,0,0,1,1,1,0,1,0,1
http,bisnis101.com,/share/view/adobe/user/login/index.htm,0,2,0,0,0,0,0,1,1,1,1,1,0,1
https,elicos.com,/cha/Chase0ChaseChasechase-Online/wwwhttpsChase-Chase0ChaseOnline/wwwChaseOnlinebankingcom-account0notifications0CentreUSA/index.php,0,1,0,0,0,0,0,2,1,1,0,1,1,1
http,banorte-rs.com,/JKKUIGH/HJ6GHKH/HGJ65/FGG5J/NG43/N5DF/NB4F/NH54/HN4/N5GG/H44H/N66G/J55G/,0,1,0,0,1,0,0,1,1,1,1,1,0,1
http,bright-wedding.com.ua,/wp-content/uploads/2017/05/.a/,0,2,0,0,1,2,0,1,1,1,1,1,0,1
http,www.siclogistics.com,/hb.htm,0,0,0,0,0,2,0,1,1,1,0,1,0,1
http,www.meu-fgtscaixa.com,/2017/pages/inter/index.php,0,2,0,0,1,2,0,1,1,1,1,1,0,1
https,www.pellicole-adesive.com,/logs/public/,0,0,0,0,1,0,0,1,1,1,0,1,0,1
http,www.formget.com,/app/forms/view/RQcc-246023,0,0,0,0,0,0,1,0,1,1,0,1,0,1
http,www.sping-doo.si,/http/www/Santander.com.br/br/Cliente_ID=/,0,2,0,0,1,1,0,1,1,1,0,1,1,1
http,page.app15.in,/themeset1_2015-08-07-11-24-38/app/y/index.htm,0,2,0,0,0,2,0,1,1,1,0,1,0,1
http,paypal1.uk-ppl202.com,/sd/,0,0,0,0,1,0,0,1,1,1,1,1,0,1
https,tinyurl.com,/l6as4o2,0,0,0,0,0,0,1,0,1,1,0,1,0,1
https,www.maszx.org,/template/default/portal/roox/index.php,0,1,1,0,0,1,0,1,1,1,0,1,0,1
http,segurom3.beget.tech,/atendimentoseguro/,0,0,0,0,0,0,0,0,1,1,0,1,0,1
http,belgiumimagyarok.be,/wp/log.htm,0,0,0,0,0,0,0,1,1,1,1,1,0,1
http,faridhosiery.com,/aol.net/www.aol.com/index.htm,0,0,0,0,0,1,0,1,1,1,0,1,0,1
http,mashtaresort.com,/mail.htm,0,2,0,0,0,0,1,1,1,1,1,1,0,1
http,pixelnam.net,/skonsko/BDBBB4/BDBBB/BDBBB/dpbx/index.php,0,2,0,0,0,0,0,1,1,1,1,1,0,1
http,www.unitedkingdomimmigrationservices.org,/jj_jp/e3dc325482ee637ca0bda89a9370b486/,0,1,0,0,0,0,0,1,1,1,1,1,0,1
http,grannyflat-s.com.au,/army/domainz/domainz/review/,0,1,1,0,1,2,0,1,1,1,1,1,0,1
http,ip-160-153-224-253.ip.secureserver.net,/,0,0,0,0,1,2,0,0,1,1,0,1,0,1
http,inativasfgtsativas.site,/tnt/caixa.gov.br/pages/inter/envio1.php,0,2,0,0,0,1,0,1,1,1,1,1,0,1
http,piewerks.com,/chinex/ogs/draft/mail.htm,0,1,0,0,0,0,0,1,1,1,0,1,0,1
http,www.facebooknotsz.gq,/f4/123456.mob,0,0,0,0,0,2,0,1,1,1,1,1,0,1
http,www.facebooknotsz.gq,/f4/,0,0,0,0,0,0,0,1,1,1,1,1,0,1
http,savagtolldoc.us,/done/index.html,0,0,0,0,0,0,0,1,1,1,1,1,0,1
http,sivasosb.org.tr,/webvc/index.php,0,1,0,0,0,2,0,2,1,1,0,1,0,1
http,simer.com.tr,/tescoonlineupdate.secures/,0,0,0,0,0,2,0,1,1,1,0,1,0,1
http,www.antiquehostel.ro,/logs/sxxs/dda6e20944a66809a09f4c577a882cac/verification/verification.php,0,1,0,0,0,2,0,1,1,1,0,1,0,1
http,www.carolyneslick.com,/chase/Chase_Online.html,0,0,0,0,0,2,0,1,1,1,1,1,0,1
http,piewerks.com,/chinex/ogs/draft/,0,0,0,0,0,0,0,1,1,1,0,1,0,1
http,robashburn.com,/gg/ayo1/,0,0,0,0,0,0,0,1,1,1,0,1,0,1
http,www.faridhosiery.com,/new/yahoo/login_verify2&amp;.src=ym/mail.html,0,2,0,0,0,1,0,1,1,1,1,1,0,1
http,www.snaphelp.byethost18.com,,0,0,0,0,0,2,0,2,1,1,0,1,0,1
http,www.prize.life,/libraries/joomla/cp.php,0,0,0,0,0,2,0,1,1,1,0,1,0,1
http,camillascake.it,//images/bannerss/.default/.express/.manage/.impress/.service/,0,1,0,1,0,1,0,1,1,1,0,1,0,1
http,librievini.it,/casfhgkjfhgkjdfhuigiyuyuruejfhjhgfjdhkj,0,2,0,0,0,0,0,1,1,1,0,1,0,1
http,offerup.com------------------login-confirm-account.aggly.com,/Login%20-%20OfferUp.htm,0,1,0,0,1,1,0,1,1,1,0,1,0,1
http,onlin-info-alert-sys-01.esy.es,/us/Home/62i83dr26j,0,2,0,0,1,0,0,1,1,1,1,1,0,1
http,carolyneslick.com,/chase/Chase_Online.html,0,0,0,0,0,0,0,1,1,1,1,1,0,1
http,email.premiumx.my,/edr/GD/PI/,0,0,0,0,0,0,0,1,1,1,0,1,0,1
http,seguranca-santa-mobile.000webhostapp.com,/app/dados.php,0,2,0,0,1,2,0,0,1,1,0,1,0,1
http,sarmawola.pl,/signin/,0,0,0,0,0,0,0,1,1,1,1,1,0,1
http,bit.ly,/2pD2nLt,0,0,0,0,0,0,1,0,1,1,0,1,0,1
http,makingdigital.com.br,/wp-includes/CentralClientes/index1.php,0,2,0,0,0,2,0,2,1,1,0,1,0,1
http,cliente01.novoportalb-b.com.br,/,0,2,0,0,1,1,0,1,1,1,1,1,0,1
http,carolyneslick.com,/yah/Yah/T/Y1.html,0,0,0,0,0,0,0,1,1,1,1,1,0,1
http,faridhosiery.com,/new/yahoo/login_verify2&amp;.src=ym/mail.html,0,2,0,0,0,2,0,1,1,1,0,1,0,1
http,www.caixa.gov.br-fgts.gov.br.trabalhador.servicos_online.saldo_fgts.asp.ct56372.tmweb.ru,/oferta.cliente,0,1,0,0,1,1,0,1,1,1,1,1,0,1
http,saldoinativofgts.com,/contas/acesso/pages/inter/index.php,0,2,0,0,0,0,0,1,1,1,0,1,0,1
http,recover-acct8431.esy.es,/index.html,0,0,0,0,1,2,0,1,1,1,1,1,0,1
http,recovery-your-acct-chekpoin-402.esy.es,/recovery/index.html,0,2,0,0,1,2,0,1,1,1,1,1,0,1
https,dhiyaselectric.co.id,/o%20-%20Copy.html,0,0,0,0,0,2,0,1,1,1,1,1,0,1
http,bit.ly,/2oXbqtJ,0,0,0,0,0,0,1,0,1,1,0,1,0,1
http,activation-locked-help17.16mb.com,/help-fb/fb.mobile/index.php,0,2,0,0,1,1,0,1,1,1,1,1,0,1
http,www.hallwaystreetsigns.com,/pdfs/home/1baec2b40858a848369b35612c8fb982/,0,1,0,0,0,0,0,1,1,1,0,1,0,1
http,cellusconections.info,/ule23575/watchts%3Fv%3DVI1awdJBldc/Qbqo-bQpoho/TFHY-J77vmw/index1.php,0,1,0,0,0,0,0,1,1,1,1,1,0,1
http,supporto-informatici.info,/cartasi.html,0,0,0,0,1,0,0,1,1,1,1,1,0,1
http,tinyurl.com,/kbtetvp,0,0,0,0,0,0,1,0,1,1,0,1,0,1
http,cargo-hangnadim.com,/surecers/Discover.com/index.htm,0,2,0,0,1,2,0,1,1,1,1,1,0,1
http,www.radaradt.com,/portal/libraries/gantry/images/iphone/esp/error.php,0,2,0,0,0,2,1,1,1,1,0,1,0,1
http,kenmetcalf.com,/old/images/su.htm,0,0,0,0,0,0,0,1,1,1,0,1,0,1
http,www.radaradt.com,/portal/libraries/gantry/images/iphone/js/home.php,0,2,0,0,0,2,1,1,1,1,0,1,0,1
http,thomasmorall.co,/amex/Validation/,0,0,0,0,0,0,0,1,1,1,1,1,0,1
http,bibliophile.free.fr,/tax.php,0,0,0,0,0,2,0,1,1,1,0,1,0,1
http,www.promosmilancamp.it,/mjc/hwdvideos/thumbs/indo.php,0,2,0,0,0,2,0,1,1,1,0,1,0,1
http,pages-5503.hol.es,/log1.php,0,0,0,0,1,2,0,1,1,1,1,1,0,1
http,pages-5503.hol.es,/facebook-security,0,0,0,0,1,0,0,1,1,1,1,1,0,1
http,safety-check-73652.esy.es,/index.html,0,0,0,0,1,2,0,1,1,1,1,1,0,1
http,plumberstomballtx.net,/wp-content/bod/E2F-BIN/E2NCNR01.php,0,1,0,0,0,0,0,1,1,1,1,1,0,1
http,desbloqueiomobile.com,/to/,0,0,0,0,0,0,0,1,1,1,1,1,0,1
http,whatsmyhomesvalue.us,/DocuSign/Secured/healthgov/,0,2,0,0,0,0,0,1,1,1,0,1,0,1
http,wrkinprog.com,/wp-admin/network/docs/a065df23d91e4a420483d210fd1689c7,0,2,0,0,0,0,0,1,1,1,0,1,0,1
http,cover-acct8678.esy.es,/index.html,0,0,0,0,1,2,0,1,1,1,1,1,0,1
http,www.bestlight.gr,/skin/frontend/default/modern/images/media/index.php,0,2,0,0,0,2,0,1,1,1,0,1,0,1
http,liceosanconrado.cl,/00202fjf/casts/,0,0,0,0,0,0,0,1,1,1,0,1,0,1
http,ashimsolutions.com,/logchase_dpt/index.php,0,0,0,0,0,0,0,1,1,1,1,1,0,1
http,festainfantilbh.com.br,/piscina_de_bolinhas/index.htm,0,2,0,0,0,2,0,1,1,1,0,1,0,1
http,ovbppst.pe.hu,/00987654565456765342345678uujujujjuj7654576890987654567890/,0,1,0,0,0,0,0,1,1,1,1,1,0,1
https,dallas177.arvixeshared.com,/~jforgash/Ppl.php,0,0,0,0,0,2,0,0,1,1,0,1,0,1
http,pursorder.esy.es,/purchase/,0,2,1,0,0,2,0,1,1,1,1,1,0,1
http,meowmeowmugs.com,/nccx7ak/index.htm,0,0,0,0,0,0,0,1,1,1,1,1,0,1
http,dhlmail.000webhostapp.com,/Linkedinn/login.htm,0,0,0,0,0,2,0,0,1,1,0,1,0,1
http,dhlmail.000webhostapp.com,/Linkedinn/Email_error.htm,0,2,0,0,0,2,0,0,1,1,0,1,0,1
http,mirazfood.com,/update/New/success.php,0,0,0,0,0,0,0,1,1,1,0,1,0,1
http,paypal.gb-ppsweb.com,/sd/,0,0,0,0,1,0,0,1,1,1,1,1,0,1
http,www.radaradt.com,/portal/libraries/gantry/images/iphone/js/zawd.php,0,2,0,0,0,2,1,1,1,1,0,1,0,1
http,www.radaradt.com,/portal/libraries/gantry/images/iphone/esp/esp.php,0,2,0,0,0,2,1,1,1,1,0,1,0,1
http,www.radaradt.com,/portal/libraries/gantry/facets/menu/themes/touch/esp/zessd.php,0,1,0,0,0,2,1,1,1,1,0,1,0,1
http,www.nanotechnopolis.com,/validdocument/,0,0,0,0,0,0,0,1,1,1,0,1,0,1
http,www.nanotechnopolis.com,/validdocument/9dbe7127e25a7065795f971452e848c0/,0,1,0,0,0,0,0,1,1,1,0,1,0,1
http,www.nanotechnopolis.com,/viewdocs/216a90999c44c5fba9a4df02e696bd37/,0,2,0,0,0,0,0,1,1,1,0,1,0,1
http,www.nanotechnopolis.com,/viewdocs/,0,0,0,0,0,0,0,1,1,1,0,1,0,1
http,netlflex-001-site1.1tempurl.com,/isnm/,0,0,0,0,1,0,0,2,1,1,1,1,0,1
http,www.unitedkingdomimmigrationservices.org,/jj_jp/ab915942e58c760ebd16ed102c0a54e2/,0,1,0,0,0,0,0,1,1,1,1,1,0,1
http,www.unitedkingdomimmigrationservices.org,/jj_jp/,0,2,0,0,0,0,0,1,1,1,1,1,0,1
http,c3pluscs.com,/secured/index.php,0,0,0,0,0,0,0,1,1,1,1,1,0,1
http,www.skytel.lk,/bofa/home/login.php,0,0,0,0,0,2,0,1,1,1,0,1,0,1
http,www.radaradt.com,/portal/libraries/gantry/html/layouts/html/xewsaq.php,0,1,0,0,0,2,1,1,1,1,0,1,0,1
http,lightshadeinc.com,/wp-content/dropbox/dropbox/,0,0,0,0,0,0,0,1,1,1,1,1,0,1
http,www.eladorno.co,/de/index.htm,0,0,0,0,0,2,0,1,1,1,1,1,0,1
http,new72matchphotos.890m.com,/index.htm,0,0,0,0,0,2,0,2,1,1,1,1,0,1
http,p0f.desi,/Login_to_Your_Account(9).htm,0,0,0,0,0,0,0,1,1,1,1,1,0,1
https,bitly.com,/a/warning,0,1,0,0,0,2,1,0,1,1,1,1,1,1
http,goodnessvanillalive.com,/xupx/chinko/index.php,0,2,1,0,0,1,0,1,1,1,0,1,0,1
http,gusp.pt,/olasa/driveup/df1300056d9b054301c0650015536105/login.php,0,2,0,0,0,0,0,1,1,1,0,1,0,1
http,previewphotos.16mb.com,/,0,0,0,0,0,0,0,1,1,1,0,1,0,1
http,matchphotos021.96.lt,/index.htm,0,0,0,0,0,2,0,0,1,1,1,1,0,1
http,karikari.com.br,/wa_gallery/,0,0,0,0,0,0,0,1,1,1,0,1,0,1
http,innoscript.nl,/paypal-customer/webapps/c74b1/websrc,0,2,0,0,0,0,0,1,1,1,1,1,0,1
http,searchtripdeals.com,/!!..HXtR77LffQ..!!/home/,0,0,0,0,0,1,0,1,1,1,1,1,0,1
http,platerom.ro,/mygenlvl/products/viewer.php,0,0,0,0,0,0,0,1,1,1,0,1,0,1
http,piewerks.com,/chinex/ogs/draft/mail.htm,0,1,0,0,0,0,0,1,1,1,0,1,0,1
http,festivalbecause.org,/boks/rap/olsag/almiu.html,0,1,0,0,0,0,0,1,1,1,0,1,0,1
http,superhousepictures.com,/dhl/awb/tracking/DHL%20AUTO/dhl.php,0,1,1,0,0,1,0,1,1,1,0,1,0,1
http,liceosanconrado.cl,/836gsg5/casts/,0,0,0,0,0,0,0,1,1,1,0,1,0,1
https,verifyonline.live,/new/hass/e175e0395a5fcceb980485ac37f043f1/login.html,0,1,0,0,0,0,0,1,1,1,1,1,0,1
http,oa.ying-zhuo.com,/bbsnew/utrasfc/harghi.html,0,0,0,0,1,2,0,1,1,1,1,1,0,1
https,goo.gl,/dJIYS9,0,1,0,0,0,0,1,0,1,1,0,1,0,1
http,eveannlovero.com,/modules/footer/mp/autoexcel/excel/index.php,0,1,0,0,0,2,0,1,1,1,0,1,0,1
http,www.100clubchicago.org,/asset/office/350/,0,0,0,0,0,0,0,1,1,1,0,1,0,1
http,paypal.gb-ppsweb.com,/sd/confirm.php,0,2,0,0,1,2,0,1,1,1,1,1,0,1
https,www.polyplanltd.com,/js/en/,0,0,0,0,0,0,0,1,1,1,1,1,0,1
http,hubenbartl.at,/www.google.com/,0,0,0,0,0,2,0,1,1,1,0,1,0,1
http,www.radaradt.com,/portal/libraries/gantry/facets/menu/themes/touch/esp//mxea.php,0,1,0,1,0,2,1,1,1,1,0,1,0,1
http,www.ecutrack.com,/box1/dropbx.php,0,0,0,0,0,2,0,1,1,1,1,1,0,1
http,gsl.xiyoukeji.com,/ueditor/feed/zabbbbbbi.html,0,0,0,0,0,2,0,1,1,1,0,1,0,1
http,manieyt.tk,/,0,2,0,0,0,0,0,1,1,1,0,1,0,1
http,amazon-check-81.de-support.ru,/vetos/anmelden.php,0,1,0,0,1,2,0,1,1,1,1,1,0,1
http,manage.apple.com.webobjectsd5dbc98dcc983a7028bd82d1a47541.divinityhousingprojects.com,/7ae1c6c2293e74bc814747a63bde302f/login.html,0,1,0,0,0,1,0,1,1,1,1,1,0,1
http,omahcorp.co.id,/dx/b0028c287609714d60df89942ca88094/,0,2,0,0,0,0,0,1,1,1,1,1,0,1
http,deltaseguridadbolivia.com,/img/public/,0,0,0,0,0,0,0,1,1,1,1,1,0,1
http,igforweddingpros.com,/hhhhhhh/driveup/66dc158d3547ff71bd59d802589a4704/login.php,0,1,0,0,0,0,0,1,1,1,1,1,0,1
http,omahcorp.co.id,/dx/012962f7ce4c0854415e6bd264535560/,0,2,0,0,0,0,0,1,1,1,1,1,0,1
http,i-house.se,/wp-trackback/en/,0,1,0,0,1,0,0,1,1,1,0,1,0,1
http,cic.com.jo,/libraries/openid/Auth/OpenID/system/login.php,0,1,0,0,0,1,0,2,1,1,0,1,0,1
http,ad-blockeds.com,/--/www.impots.gouv.fr/file/dd14aa66803d699fee4b16424002d39d/,0,1,0,0,1,1,0,1,1,1,1,1,0,1
http,ad-blockeds.com,/--/www.impots.gouv.fr/file/cf036cb9af9ed6833821231c37a85a51/,0,1,0,0,1,1,0,1,1,1,1,1,0,1
http,town-el.com,/images/metalware/xkzero/docusign.com/ldcs/index.php,0,2,0,0,1,2,0,1,1,1,1,1,0,1
http,www.scoreyourexback.com,/aol.net/www.aol.com/,0,0,0,0,0,1,0,1,1,1,1,1,0,1
http,nanotechnopolis.com,/validdocument/f4d2dfb73a486890c95a3b59d9090b5f/,0,2,0,0,0,0,0,1,1,1,0,1,0,1
http,saughallmassie.org,/we/seniorpeoplemeet/v3/login.html,0,2,0,0,0,0,0,1,1,1,0,1,0,1
http,www.paypal-resolveds.com.informations-payments.nut.cc,/webapps/11fe9/websrc,0,1,0,0,1,1,0,2,1,1,0,1,0,1
http,uesi.aesbiz.com,/wp-content/themes/twentyfifteen/inc/monn.htm,0,2,0,0,0,2,0,2,1,1,0,1,0,1
http,www.lhndemo.com,/wp-css/update.html,0,0,0,0,0,2,0,1,1,1,1,1,0,1
http,www.abcroadandlockassistance.com,/IWA/GD/,0,0,0,0,0,0,0,1,1,1,1,1,0,1
http,www.sanitaire-express.fr,/skin/frontend/AdobeVerify/index.html,0,2,0,0,1,2,0,1,1,1,0,1,0,1
http,www.eventhire4u.com,/parosky/c20fc985e383229ad100f434ac404397/,0,2,0,0,0,0,0,1,1,1,1,1,0,1
http,crimsonadvisorygroup.com,/wp-admin/online-banking/Cappi/last.php,0,2,0,0,0,0,0,1,1,1,1,1,0,1
http,crimsonadvisorygroup.com,/wp-admin/online-banking/Cappi/One360.php,0,2,0,0,0,0,0,1,1,1,1,1,0,1
http,hoiniki.by,/wp-content/ngg/modules/1/sa/admin.html,0,1,0,0,0,0,0,2,1,1,0,1,0,1
http,hoiniki.by,/wp-content/ngg/modules/1/sa/index.php,0,2,0,0,0,0,0,2,1,1,0,1,0,1
http,www.nnordson.com,/%7b%7d/781687308acaa5e461dab88736b39e34/,0,2,0,0,0,0,0,1,1,1,1,1,0,1
http,brimkers.com,/ausinvcontracts/ms/,0,0,0,0,0,0,0,1,1,1,1,1,0,1
http,shop.luigibaldo.com,/cloud/logintoyouraccount.securebilling/mi/index/web/,0,1,0,0,0,2,0,1,1,1,0,1,0,1
http,shop.luigibaldo.com,/cloud/logintoyouraccount.securebilling/mi/index/web/,0,1,0,0,0,2,0,1,1,1,0,1,0,1
http,besame.com,/buscador/china/,0,0,0,0,0,0,0,2,1,1,0,1,0,1
https,tetedebois.ca,/wonderland/Gdoccc/,0,0,0,0,0,0,0,1,1,1,1,1,0,1
http,freestyle.d934713.u-telcom.net,/Boa_Fud_2016/home/login.php,0,1,0,0,1,1,0,2,1,1,0,1,0,1
http,zovermedical.com.sa,/worthie/aptgd/,0,0,0,0,0,0,0,1,1,1,0,1,0,1
http,cic.com.jo,/libraries/openid/Auth/OpenID/system/login.php,0,1,0,0,0,1,0,2,1,1,0,1,0,1
http,nanotechnopolis.com,/validdocument/38db23899b2225acc540a2cc9b4dae45/,0,2,0,0,0,0,0,1,1,1,0,1,0,1
http,nanotechnopolis.com,/viewdocs/a09cfd617135eb9c20d0bb6fd6cdd9c9/,0,2,0,0,0,0,0,1,1,1,0,1,0,1
http,kohchang-holidays.com,/t-online/t0nline/user-verify.htm,0,2,0,0,1,0,0,1,1,1,0,1,0,1
http,www.web2sale.com,/wordpress/wp-content/upgrade/pnc.htm,0,2,0,0,0,2,0,1,1,1,0,1,0,1
http,capsilab.com,/wp-admin/css/colors/adobepdf/,0,0,0,0,0,0,0,1,1,1,1,1,0,1
http,scoreyourexback.com,/aol.net/www.aol.com/index.htm,0,2,0,0,0,1,0,1,1,1,1,1,0,1
https,deliziedallasicilia.com,/view2/file/index.php,0,2,0,0,0,0,0,1,1,1,1,1,0,1
http,www.apple2api.com,/indexx.html,0,0,0,0,0,2,0,1,1,1,1,1,0,1
http,hoiniki.by,/wp-content/ngg/modules/1/sa/admin.html,0,1,0,0,0,0,0,2,1,1,0,1,0,1
http,hoiniki.by,/wp-content/ngg/modules/1/sa/admin.html,0,1,0,0,0,0,0,2,1,1,0,1,0,1
http,fsdressbd.com,/Resources/libraries/KJI/crypt/index.html,0,2,0,0,0,0,0,1,1,1,1,1,0,1
http,usnnvery.hol.es,/US.BANK/USDB/Home/home/auth/,0,0,0,0,0,2,0,1,1,1,1,1,0,1
http,d662653.u-telcom.net,/gggg/ayo1/,0,0,0,0,1,0,0,2,1,1,0,1,0,1
http,abcroadandlockassistance.com,/IWA/GD/,0,0,0,0,0,0,0,1,1,1,1,1,0,1
http,d662653.u-telcom.net,/ggg/ayo1/,0,0,0,0,1,0,0,2,1,1,0,1,0,1
http,lhndemo.com,/wp-css/update.html,0,0,0,0,0,0,0,1,1,1,1,1,0,1
http,town-el.com,/images/furniture/living-room/nrpgroup/docusign.com/ldcs/index.php,0,1,0,0,1,2,0,1,1,1,1,1,0,1
http,zip.net,/bltHKt,0,0,0,0,0,0,0,2,1,1,0,1,0,1
http,desertsportswear.com,/bankofamerica.com/c90da847db9803c2dc7bc28bfb1f52fc/,0,1,0,0,0,0,0,1,1,1,0,1,0,1
http,desertsportswear.com,/bankofamerica.com/b3bd4cd09ccfad2b4cc886674ed0f034/,0,1,0,0,0,0,0,1,1,1,0,1,0,1
http,desertsportswear.com,/bankofamerica.com/0851e47ba18dffc71d7473a5d26ede59/,0,1,0,0,0,0,0,1,1,1,0,1,0,1
https,1drv.ms,/xs/s!AvfOtwj8HUk3lALJBGk-H9s1dhiC,0,0,0,0,0,0,0,2,1,1,0,1,0,1
http,ardobiejewska.pl,/libraries/phputf8/mbstring/adb/nix.html,0,2,0,0,0,0,0,1,1,1,0,1,0,1
https,mkt-santa.000webhostapp.com,/app/dados.php,0,0,0,0,1,2,0,0,1,1,0,1,0,1
https,protokolo.com,/plugins/system/highlight/highlight.html,0,2,0,0,0,0,0,2,1,1,0,1,0,1
http,www.southerncomfortmechanical.ca,/confirmation-account/information-account.updates/webapps/2f93a/websrc,0,1,0,0,0,2,0,1,1,1,0,1,0,1
https,novotelbd.asia,/blooding/drpbdocs/,0,0,0,0,0,0,0,1,1,1,1,1,0,1
http,sll.well.com.mangtonics.in,/WellsNew/,0,0,0,0,0,1,0,1,1,1,1,1,0,1
http,bestincs.com,/Dropbox/Dropbox/Dropbox/WS/8544b70514b0449d008c7091a66d58f9/contlnue.php,0,1,0,0,0,0,0,1,1,1,1,1,0,1
http,confluentc.com,/images/excelfile/74432a853b79550cdab03dbb6bbd3497/,0,2,0,0,0,0,0,1,1,1,0,1,0,1
http,revistatourgourmet.com,/tmp/mail-box/TnpBNE16VTFPRGc1/,0,2,0,0,0,0,1,2,1,1,0,1,0,1
http,capsilab.com,/wp-admin/css/colors/midnight/adobepdf/error.html,0,2,0,0,0,0,0,1,1,1,1,1,0,1
http,www.nnordson.com,/%7b%7d/1ccc2a9663830e10a51f54c41ff20bfd/,0,2,0,0,0,0,0,1,1,1,1,1,0,1
http,cover-acct6445.esy.es,/index.html,0,0,0,0,1,2,0,1,1,1,1,1,0,1
https,wildfor.life,/share/139/html/dfvAGds/doc147/74353cee37c9ecb6a451bc954bafca10/,0,1,0,0,0,0,0,2,1,1,0,1,0,1
https,daydo-app.com,/ibeacon/configuration/Billing/information/verification/secure/center/amz/moises/4da943b781212f12af6a38cec88316f4/welog.php,0,1,0,0,1,0,0,1,1,1,0,1,0,1
http,www.ornamentmania.com,/lib/gdoc-secure/gtex,0,0,0,0,0,0,0,2,1,1,0,1,0,1
http,ioannasakellaraki.com,/log/,0,0,0,0,0,0,0,1,1,1,0,1,0,1
http,hetys.com,/1/1/3a05e762b509f0ce34759e521fab7ff5/,0,2,0,0,0,0,0,1,1,1,0,1,0,1
http,centreforcorporatecoaching.com,/okaposa/engauto189/mailbox/mailbox/,0,1,1,0,0,0,0,1,1,1,0,1,0,1
http,ansti.org,/email/gmail/login.php,0,0,0,0,0,0,0,2,1,1,0,1,0,1
http,lilistephens.com,/2017/5634/,0,0,0,0,0,0,0,1,1,1,0,1,0,1
http,michiganlegacyrun.org,/wp-includes/images/media/docs/f9a9ed0650facc5c38a2e610e70531cc/,0,1,0,0,0,0,0,1,1,1,1,1,0,1
http,michiganlegacyrun.org,/wp-includes/images/media/docs/ecf6e39f4c4c31ce30a7ab3b73013d63/,0,1,0,0,0,0,0,1,1,1,1,1,0,1
http,michiganlegacyrun.org,/wp-includes/images/media/docs/cb526d16caaa76162cf2058f1e4e13b0/,0,1,0,0,0,0,0,1,1,1,1,1,0,1
http,michiganlegacyrun.org,/wp-includes/images/media/docs/66ec98fade446a1d5aaee83ecca64008/,0,1,0,0,0,0,0,1,1,1,1,1,0,1
http,liceosanconrado.cl,/02364LOJD/casts/,0,0,0,0,0,0,0,1,1,1,0,1,0,1
http,michiganlegacyrun.org,/wp-includes/images/media/docs/1f5b3affcbd626772a3bb23d1cbae1b9/,0,1,0,0,0,0,0,1,1,1,1,1,0,1
http,michiganlegacyrun.org,/wp-includes/images/media/docs/0980832a9d883da9ec7411b5161fdee6/,0,1,0,0,0,0,0,1,1,1,1,1,0,1
http,lambabajunior.com,/gaz/Googledrt1/login.php,0,0,0,0,0,0,0,1,1,1,1,1,0,1
http,www.contasinativas.caixa.gov.br-fgts.gov.br.trabalhador.servicos_online.saldo_fgts.asp.cs31547.tmweb.ru,/oferta.cliente,0,1,0,0,1,1,0,1,1,1,1,1,0,1
http,www.adsensemart.com,/dp/ayo1/ayo1/,0,0,0,0,0,0,1,1,1,1,1,1,0,1
http,almihrab.com.my,/dhl/adobelatest/adobe/,0,0,0,0,0,0,0,1,1,1,0,1,0,1
http,acr.suisscard.ch.secure3.registrierung.suisstip.info,/,0,2,0,0,0,1,0,1,1,1,1,1,0,1
https,murraylorri145.000webhostapp.com,/linkedsneed/index.html,0,2,0,0,0,2,0,0,1,1,0,1,0,1
http,ativar-cadastro.pe.hu,/ml/ml/mercadolivre/,0,0,0,0,1,0,0,1,1,1,1,1,0,1
http,madilina.com,/wordpress/error_txt/validate.htm,0,0,0,0,0,0,0,1,1,1,0,1,0,1
http,internetbod.com,/pod/,0,2,0,0,0,0,0,1,1,1,0,1,0,1
http,cover-acct0020.esy.es,/index.html,0,0,0,0,1,2,0,1,1,1,1,1,0,1
http,cover-acct5438.esy.es,/index.html,0,0,0,0,1,2,0,1,1,1,1,1,0,1
http,77.194.54.247,/wordpress/online.hmrc.gov.uk/index.php,1,2,0,0,0,1,0,1,1,1,0,1,0,1
http,email.windwardalerts.com,/c/eJxtjjFvwyAQhX-NvVQgOIMhA0PSONkytNkrfJDElR0sjGX535eokoeqy9Ppe_fuHZp1Ny596Yyzddti2RlgXDHJgEMluaZVrYEKCVpQLvXppJtDIdjSPd1io7O9j2miGIbyYQA1olOtUO1NWkThAVSrdrVAjnizZW_-yUXz7WNc6RAeMV8O0d_Dc0o2eerdXA4rwXlKYSDOJmsKdSgAPprzcX9t8lRU-6z555pwIFy_MZVRJbOApOy1Ae9Z7zHM41fntgjfrOSHsc91m6t--Wdzuf5tUYRJwuCF1PEHscdZow,0,1,0,0,0,0,0,1,1,1,1,1,0,1
http,baltkagroup.com,/mailcheck/source/,0,0,0,0,0,0,0,1,1,1,1,1,0,1
https,owa1.everettwa.gov,/owa/redir.aspx,0,1,0,0,0,2,0,2,1,1,1,1,0,1
http,www.botecodomarianobit.com,/pages2/inter/home.html,0,2,0,0,0,2,1,1,1,1,1,1,0,1
http,premiosmastercard.esy.es,/W!645/index/,0,0,0,0,0,0,0,1,1,1,1,1,0,1
https,goo.gl,/JVVHeA,0,0,0,0,0,0,1,0,1,1,0,1,0,1
http,bit.ly,/2qww0gG,0,0,0,0,0,0,1,0,1,1,0,1,0,1
http,adsensemart.com,/dp/ayo1/ayo1/,0,0,0,0,0,0,1,1,1,1,1,1,0,1
http,tauruswelding.com,/flight/stage/af/ad/ghjk/pvtd_clnt/index2.php,0,2,0,0,0,0,0,1,1,1,0,1,0,1
https,c4cqk784.caspio.com,/dp.asp,0,2,0,0,0,2,0,0,1,1,1,1,0,1
http,caixaonlinefgts.hostkda.com,/pages/,0,0,0,0,0,0,0,2,1,1,0,1,0,1
http,telegraphycoursemorse.com,/cielo/,0,0,0,0,0,0,0,1,1,1,1,1,0,1
https,tinyurl.com,/mt5hquu,0,0,0,0,0,0,1,0,1,1,0,1,0,1
http,contasinativascaixafgts.name,/caixa.gov.br/pages/inter/index.php,0,2,0,0,0,1,0,1,1,1,1,1,0,1
http,signin.amazon.co.uk-prime.form-unsuscribe.id-7816.nproofing.com.au,/ren/op/,0,1,0,0,1,1,0,1,1,1,1,1,0,1
http,primoframe.com,/amber/,0,0,0,0,0,0,0,1,1,1,0,1,0,1
http,tinyurl.com,/katfbes,0,0,0,0,0,0,1,0,1,1,0,1,0,1
http,consultabeneficiosmirror01.esy.es,/Consulta/acesso/,0,2,0,0,0,0,0,1,1,1,1,1,0,1
http,tinyurl.com,/n8g7wy8,0,0,0,0,0,0,1,0,1,1,0,1,0,1
http,adpportal.hol.es,/adp.payrollchanges/,0,0,0,0,0,2,0,1,1,1,1,1,0,1
http,ts4.96.lt,/i/,0,0,0,0,0,0,0,0,1,1,1,1,0,1
http,diariapromotionspecial.com,/OFERTAS11910apc/produto.php,0,1,0,0,0,0,0,1,1,1,0,1,0,1
http,innamorata.com.ar,/melodyfriespitchment/Docusign/index.php,0,2,0,0,0,2,0,1,1,1,0,1,0,1
http,promotion-smart.com,/iphone5s.html,0,0,0,0,1,0,1,1,1,1,1,1,0,1
http,designaxis.net,/secure-doc/DropNewVasion/Fresh/,0,0,0,0,0,0,0,1,1,1,0,1,0,1
http,ornamentmania.com,/shell/gdoc-secure/gtex/,0,0,0,0,0,0,0,2,1,1,0,1,0,1
http,euromina.com.vn,/%20%20/home/pessoa-fisica.php,0,0,0,0,0,2,0,1,1,1,0,1,0,1
http,attlw.net,/m/cprodx.att.net/commonLogin/igate_edam/controller.html,0,2,0,0,0,1,0,1,1,1,1,1,0,1
http,check-your-acct2017.esy.es,/index.html,0,0,0,0,1,2,0,1,1,1,1,1,0,1
http,websitebuilder102.website.com,/ITservice1/,0,0,0,0,0,0,0,0,1,1,0,1,0,1
http,purchase-order.esy.es,/purchase/document.html,0,0,0,0,1,2,0,1,1,1,1,1,0,1
http,w-reia.com,/wichita/new.php,0,1,0,0,1,0,0,1,1,1,1,1,0,1
http,xicksy.win,/xhht4ff2odc.html,0,0,0,0,0,0,0,1,1,1,1,1,0,1
http,check-updates-app.hol.es,/logins.php,0,0,0,0,1,2,0,1,1,1,1,1,0,1
http,check-updates-app.hol.es,/system-confirmation-fb,0,2,0,0,1,0,0,1,1,1,1,1,0,1
http,mygosecure.com,/,0,1,0,0,0,0,0,1,1,1,0,1,0,1
http,mygosecure.com,/,0,1,0,0,0,0,0,1,1,1,0,1,0,1
http,www.hallwaystreetsigns.com,/pdfs/home/bfbe060107cd442c604ff0a69cc8a940/,0,1,0,0,0,0,0,1,1,1,0,1,0,1
http,chmsry.org.za,/Topultimatenew/product/products/,0,0,0,0,0,0,0,1,1,1,1,1,0,1
http,centreforcorporatecoaching.com,/okaposa/engauto189/mailbox/mailbox/,0,1,1,0,0,0,0,1,1,1,0,1,0,1
http,centreforcorporatecoaching.com,/okaposa/engauto189/mailbox/mailbox/,0,1,1,0,0,2,0,1,1,1,0,1,0,1
http,advancemedical-sa.com,/file/review.pg/manage/,0,0,0,0,1,0,0,1,1,1,0,1,0,1
http,yanluxe.com,/wp-content/themes/idstore/js/index.php,0,2,0,0,0,0,0,1,1,1,0,1,0,1
http,www.sicoobcard.net.br,/413123/inicio.html,0,0,0,0,0,1,0,1,1,1,1,1,0,1
http,check091.hol.es,/log11.php,0,0,0,0,0,2,0,1,1,1,1,1,0,1
http,supports01123.hol.es,/facebook-confirmation,0,0,0,0,0,0,0,1,1,1,1,1,0,1
http,halpcenter-001acontscheck.esy.es,/recovery-chekpoint-login.html,0,2,0,0,1,2,0,1,1,1,1,1,0,1
http,ecutrack.com,/box1/,0,0,0,0,0,0,0,1,1,1,1,1,0,1
http,cop.com.pe,/wp-content/adobee/adobe.php,0,0,0,0,0,2,0,1,1,1,1,1,0,1
https,shobiziems.com,/dreamforce/sess/ca43f279b087320cba6ba3087a8f1f39/,0,2,0,0,0,0,0,1,1,1,0,1,0,1
http,lhhaokailighting.com,/wellsfargo.Gucci/identity.php,0,2,0,0,0,2,0,1,1,1,0,1,0,1
http,siyacom.net,/listoforderitemsneededforurgentsupply/cgi-bin/fomfix/form/,0,1,0,0,0,0,0,1,1,1,1,1,0,1
http,www.service-freeboxligne.com,/assurez/9ae75b651ab5a58462046a33308528b8/,0,1,0,0,1,0,0,1,1,1,1,1,0,1
http,service-freeboxligne.com,/assurez/,0,0,0,0,1,0,0,1,1,1,1,1,0,1
http,tisch-und-decke.de,/Gon/cpanel/,0,0,0,0,1,0,0,1,1,1,0,1,0,1
http,bunchyogurt.com,/wp-content/themes/x/framework/css/index.php,0,1,1,0,0,1,1,1,1,1,0,1,0,1
http,confluentc.com,/images/excelfile/1bfc02a75ee568412279b969645fd856/,0,2,0,0,0,0,0,1,1,1,0,1,0,1
http,wish4job.com,/page/mpelidrop.html,0,0,0,0,0,0,0,1,1,1,0,1,0,1
http,mzansinet.co.za,/log/all/d/DHL%20AUTO/,0,0,0,0,0,0,1,1,1,1,0,1,0,1
http,recoveri-legalfb-acct2017.esy.es,/index.html,0,0,0,0,1,2,0,1,1,1,1,1,0,1
http,cover-acct0926.esy.es,/index.html,0,0,0,0,1,2,0,1,1,1,1,1,0,1
http,resolve-acct6548.esy.es,/recovery-chekpoint-login.html,0,2,0,0,1,2,0,1,1,1,1,1,0,1
http,yeusinhly.com.vn,/t.php,0,0,0,0,0,2,0,1,1,1,0,1,0,1
http,yeusinhly.com.vn,/themes/in.php,0,0,0,0,0,2,0,1,1,1,0,1,0,1
http,www.sqi-mail.com,/Dropbox/d231f317f2b3e9015b76d9fff7746648/verify.php,0,2,0,0,1,2,0,1,1,1,1,1,0,1
http,mdllanos.com,/wp/qouta/Aldomain/mailbox/domain/,0,0,0,0,0,0,0,1,1,1,0,1,0,1
http,baitherbackreview.com,/wp-content/gtex/,0,0,0,0,0,0,0,1,1,1,1,1,0,1
http,amirerfanian.ir,/wp-admin/ivxn/home/,0,0,0,0,0,0,0,1,1,1,1,1,0,1
http,habercinimnette.tk,/index2.php,0,0,0,0,0,0,0,1,1,1,0,1,0,1
http,www.santiagoingaramo.com.ar,/tmp/Google101/Google/dld/us/,0,2,0,0,0,2,0,1,1,1,1,1,0,1
https,footkre.in,/docusingn/index.php,0,0,0,0,0,0,0,1,1,1,1,1,0,1
http,www.maxiking.com.bo,/LLC/Limited/,0,0,0,0,0,2,0,1,1,1,0,1,0,1
http,support-5560.hol.es,/log1.php,0,0,0,0,1,2,0,1,1,1,1,1,0,1
http,www.geko.fr,/components/com_contact/models/new/1.php,0,2,0,0,0,2,0,1,1,1,0,1,0,1
https,mskindia.net,/security/frontier/frontier.html,0,0,0,0,0,0,0,2,1,1,0,1,0,1
http,innoscript.nl,/paypal-customer/webapps/,0,0,0,0,0,0,0,1,1,1,1,1,0,1
http,himatemia.undip.ac.id,/wp-content/uploads/2017/02/Zeska_seznam_verify-email_security/general_login.htm,0,1,0,0,0,1,0,0,1,1,0,1,0,1
http,13453765871837679316.googlegroups.com,/attach/5ed5d019a6363180/docfile..htm,0,1,0,0,0,1,0,0,1,1,0,1,0,1
http,www.andrewrobertsllc.info,/adobe/adb/83d3ff008ee17e6bcc985ac921303666/index2.htm,0,1,0,0,0,2,0,1,1,1,1,1,0,1
http,bit.ly,/2oOkGv9,0,0,0,0,0,0,1,0,1,1,0,1,0,1
http,www.stchartered.com,/images/adb/,0,0,0,0,0,0,0,1,1,1,0,1,0,1
http,cihancelikonline.com,/wp-content/upgrade/logining.php,0,2,0,0,0,0,0,1,1,1,1,1,0,1
https,familyinsuranceservices.com,/-/am/,0,0,0,0,0,0,0,1,1,1,0,1,0,1
http,stchartered.com,/images/adb/,0,0,0,0,0,0,0,1,1,1,0,1,0,1
http,www.whatsapservice.com,/Teamprodnationalstation/Idnumber6546546546548/client-update-5fgh5f4gh65df4h6d5f4h6df5h46f5h46dfh54df6h54df6h45df65465f45fdh64dhfg546df4g6sdg546sdg94/pp/,0,1,0,0,0,0,0,1,1,1,1,1,0,1
http,andrewrobertsllc.info,/adobe/adb/,0,0,0,0,0,0,0,1,1,1,1,1,0,1
http,www.jsb.ac.in,/notice/cool.php,0,0,0,0,0,1,0,2,1,1,0,1,0,1
http,posmogo.com,/securee.php,0,0,0,0,0,0,0,1,1,1,0,1,0,1
https,gem.tools,/shell/dejiwire/fmsk/garyspeed/165957739e5e07bdb83b0c3b9799899a/,0,1,0,0,0,0,0,1,1,1,1,1,0,1
http,radiocatolicalaconsentida.com,/funciones/oba/DHLAUTO/DHLAUTO/DHL%20AUTO/dhl.php,0,1,1,0,0,1,0,1,1,1,0,1,0,1
http,radiocatolicalaconsentida.com,/funciones/oba/DHLAUTO/DHLAUTO/DHL%20AUTO/dhl.php,0,1,1,0,0,1,0,1,1,1,0,1,0,1
http,radiocatolicalaconsentida.com,/funciones/oba/DHLAUTO/DHLAUTO/DHL%20AUTO/dhl.php,0,1,1,0,0,1,0,1,1,1,0,1,0,1
http,radiocatolicalaconsentida.com,/funciones/oba/DHLAUTO/DHLAUTO/DHL%20AUTO/dhl.php,0,1,1,0,0,1,0,1,1,1,0,1,0,1
http,medixasia.com,/ADE/GD/,0,0,0,0,0,0,0,1,1,1,1,1,0,1
http,www.con-v-air.com,/oxylus/Gee--mpp/Valid/a3356904,0,2,0,0,1,0,0,1,1,1,0,1,0,1
http,incrivelpromocaomaster17.16mb.com,/registro.php,0,0,0,0,0,2,0,1,1,1,1,1,0,1
http,www.mastercardpromocao.16mb.com,/,0,0,0,0,0,2,0,1,1,1,1,1,0,1
http,www.mastercardpromocao.16mb.com,/registro.php,0,0,0,0,0,1,0,1,1,1,1,1,0,1
http,varietytransport.com,/wp-includes/SimplePie/XML/Declaration/L/,0,2,0,0,0,0,1,1,1,1,0,1,0,1
http,www.nnordson.com,/%7b%7d/fe81304e4ba595a0538731019149d319/,0,2,0,0,0,0,0,1,1,1,1,1,0,1
http,dothothinhvuong.vn,/wp-content/uploads/2017/02/d/ayo1/ayo1/ayo1/,0,2,0,0,0,0,0,2,1,1,0,1,0,1
http,tetedebois.ca,/wonderland/Gdoccc/,0,0,0,0,0,0,0,1,1,1,1,1,0,1
http,ibcnews.pk,/admin/chasee/fcc.php,0,1,0,0,0,0,0,1,1,1,1,1,0,1
http,www.landsnfields.com,/dropbox/dropbox/,0,0,0,0,0,0,0,1,1,1,1,1,0,1
http,dothothinhvuong.vn,/wp-content/confg/ayo1/ayo1/ayo1/,0,2,0,0,0,0,0,2,1,1,0,1,0,1
http,oneworldorganisation.org,/plugins/minify/lib/Minify/doc/06f8d0ce7283668dee7379045197d3f9/,0,1,0,0,0,0,0,1,1,1,0,1,0,1
http,masgie.com,/zfilom5/newdropbox/,0,0,0,0,0,0,0,1,1,1,0,1,0,1
http,lepoker-en-ligne.com,/wp-admin/posh.htm,0,0,0,0,1,0,0,1,1,1,1,1,0,1
http,wickedsickness.com,/lkjshx/mailbox/index.php,0,2,1,0,0,2,0,1,1,1,1,1,0,1
http,hibbfamily.com,/wp-admin/%5b%5d/7129188770da3d33ef3c4f12317e5c20/,0,2,0,0,0,0,0,1,1,1,1,1,0,1
http,andrewrobertsllc.info,/adobe/adb/1b87d29e90795df51877cd86cec2538a/index2.htm,0,1,0,0,0,0,0,1,1,1,1,1,0,1
http,mhasantech.com,/wp-content/plugins/woocommerce/templates/global/you.have-75nab/,0,1,0,0,0,0,0,1,1,1,1,1,0,1
http,vermolicas.for-our.info,/hescientiststravelled/ontworesearchvessels/almostkilometresfrom/ichangtothenearbyhree/loginfile/foo-autenticazione.php,0,1,0,0,1,2,0,1,1,1,1,1,0,1
http,bem.undip.ac.id,/zpo/1/index.htm,0,0,0,0,0,1,0,0,1,1,0,1,0,1
http,grannyflat-s.com.au,/data/domainz/review/,0,0,0,0,1,0,0,1,1,1,1,1,0,1
http,bit.ly,/2pxbgJo,0,0,0,0,0,0,1,0,1,1,0,1,0,1
http,masterpremiopravoce.esy.es,/index7/cadastro/registro.php,0,2,0,0,0,2,0,1,1,1,1,1,0,1
http,grannyflat-s.com.au,/data/domainz/domainz/review/,0,2,0,0,1,0,0,1,1,1,1,1,0,1
http,alphasolutions.com.pk,/dl/054d01b/login.html,0,1,0,0,0,2,0,1,1,1,1,1,0,1
http,fb-securityloginfo405txt.esy.es,/recovery-chekpoint-login.html,0,2,0,0,1,2,0,1,1,1,1,1,0,1
http,protecfb-error-404.esy.es,/recovery-chekpoint-login.html,0,2,0,0,1,2,0,1,1,1,1,1,0,1
http,fbscurerescekpoint23.esy.es,/recovery-chekpoint-login.html,0,2,0,0,0,2,0,1,1,1,1,1,0,1
https,samaalreem.com,/pedrodoc/index.html,0,0,0,0,0,0,0,1,1,1,1,1,0,1
http,alpa.co.za,/modules/mod_feed/pay/index.html,0,0,0,0,0,2,0,2,1,1,0,1,0,1
https,greatwesterncatskills.com,/z/,0,0,0,0,0,0,0,2,1,1,0,1,0,1
http,agenmurahgrosir.com,/page/Bofa/security.php,0,0,0,0,0,0,0,1,1,1,0,1,0,1
http,ecutrack.com,/box1/dropbx.php,0,1,0,0,0,0,0,1,1,1,1,1,0,1
http,primoframe.com,/jimmy/,0,0,0,0,0,0,0,1,1,1,0,1,0,1
http,wpcgwadar.com,/iyawoee/aptgd/,0,0,0,0,0,0,0,1,1,1,1,1,0,1
http,mobile-free.metulwx.com,/mobile/impaye/e413ea8afcc080a62afbbd4a53ae798f/,0,1,0,0,1,0,1,1,1,1,1,1,0,1
http,www.chevysportsman.com,/xxxxx/Aol/aol.htm,0,0,0,0,0,2,0,1,1,1,0,1,0,1
http,freestyle.d934713.u-telcom.net,/Boa_Fud_2016/home/login.php,0,1,0,0,1,1,0,2,1,1,0,1,0,1
http,worldtekevents.com,/drive/drive/,0,0,0,0,0,0,0,2,1,1,0,1,0,1
http,wickedsickness.com,/gb/tracking.php,0,0,0,0,0,0,0,1,1,1,1,1,0,1
http,tauruswelding.com,/apply/eg/dg/wet/gfb/domain/pvtverify_clnt/index2.php,0,1,0,0,0,1,0,1,1,1,0,1,0,1
http,tauruswelding.com,/apply/eg/dg/wet/gfb/domain/pvtverify_clnt/,0,2,0,0,0,0,0,1,1,1,0,1,0,1
http,freenligne.com,/free-mobile/free/user_id-5906fa791243e-738/,0,2,0,0,0,0,0,1,1,1,1,1,0,1
http,zaybtan.com,/blessedd/aptgd/index.php,0,0,0,0,0,0,0,1,1,1,0,1,0,1
http,toplomashinex.com,/wp-includes/SimplePie/XML/Declaration/hua.htm,0,2,0,0,0,0,1,1,1,1,0,1,0,1
http,www.zenhome.tn,/amsweb.php,0,1,0,0,0,2,0,2,1,1,0,1,0,1
http,lambabajunior.com,/gazal/Googledrt1/,0,0,0,0,0,0,0,1,1,1,1,1,0,1
http,lambabajunior.com,/4wale/Googledrt1/,0,0,0,0,0,0,0,1,1,1,1,1,0,1
http,lambabajunior.com,/pdf/Googledrt1/,0,0,0,0,0,0,0,1,1,1,1,1,0,1
http,lambabajunior.com,/gman/Googledrt1/,0,0,0,0,0,0,0,1,1,1,1,1,0,1
http,lambabajunior.com,/gaz/Googledrt1/,0,0,0,0,0,0,0,1,1,1,1,1,0,1
http,blocked-notifications.co.nf,/confirm/index.htm,0,0,0,0,1,2,0,2,1,1,0,1,0,1
http,help-fb-contact.hol.es,/support/index.php,0,0,0,0,1,2,0,1,1,1,1,1,0,1
http,www.jobduties.org,/boj/bmg/,0,0,0,0,0,0,0,2,1,1,0,1,0,1
http,itbsbr.com,/lma/DHL/DHLExpress/autofil/id.php,0,1,0,0,0,0,0,1,1,1,1,1,0,1
http,service-freeboxligne.com,/assurez/4ff270fc23e5092af4190f37237470a0/index_2.html,0,1,0,0,1,0,0,1,1,1,1,1,0,1
http,service-freeboxligne.com,/assurez/4ff270fc23e5092af4190f37237470a0/,0,2,0,0,1,0,0,1,1,1,1,1,0,1
http,brimkers.com,/ausinvcontracts/ms/al.php,0,0,0,0,0,0,0,1,1,1,1,1,0,1
http,brimkers.com,/sfginvest/cdg/,0,0,0,0,0,0,0,1,1,1,1,1,0,1
http,stchartered.com,/images/adb/4a6e07e3a67d6a683dc2d1cabcd51860/index2.htm,0,1,0,0,0,0,0,1,1,1,0,1,0,1
http,jaymecares.com,/B/sound/edocz/s2/,0,0,0,0,0,0,0,1,1,1,0,1,0,1
http,zioras.pl,/Gdocs/s/,0,0,0,0,0,0,0,1,1,1,0,1,0,1
https,theparlourbeautyrooms.ie,/dehl/Yah/T/Y1.html,0,0,0,0,0,0,0,1,1,1,0,1,0,1
http,jovan.soldatovic.org,/css/google-manual/a3b6313fcfae89f8e394f9198ade566c/,0,1,0,0,0,0,0,1,1,1,0,1,0,1
http,www.diethealthresource4u.com,/wp-content/plugins/Ashe/5940275e8ad33d7180718c132f39d9f0/,0,1,0,0,0,0,0,1,1,1,0,1,0,1
http,noway.oloruntiseoluwaseyi.com,/006a9f1115c643200c315b5fde539f46/,0,2,0,0,0,0,0,1,1,1,1,1,0,1
http,mobile-free.metulwx.com,/mobile/impaye/74b3256454ac92ff371620778f69eb18/,0,1,0,0,1,0,1,1,1,1,1,1,0,1
http,mobile-free.metulwx.com,/mobile/impaye/0bd551f8a879b3352e896aa800838a06/,0,1,0,0,1,0,1,1,1,1,1,1,0,1
http,tahubulat.co.id,/allana/dropbox/,0,0,0,0,0,0,1,1,1,1,1,1,0,1
http,siyacom.net,/listoforderitemsneededforurgentsupply/cgi-bin/fomfix/form/confirm.php,0,1,0,0,0,0,0,1,1,1,1,1,0,1
http,yokohamajijyou.com,/fos/,0,0,0,0,0,0,0,1,1,1,0,1,0,1
http,zovermedical.com.sa,/bcvbcvsss/aptgd/,0,0,0,0,0,0,0,1,1,1,0,1,0,1
http,zovermedical.com.sa,/okla/aptgd/,0,0,0,0,0,0,0,1,1,1,0,1,0,1
http,wocci.com,/c3/,0,0,0,0,0,0,0,1,1,1,0,1,0,1
http,lambabajunior.com,/lol/image.htm,0,0,0,0,0,0,0,1,1,1,1,1,0,1
http,primoframe.com,/Scott/,0,0,0,0,0,0,0,1,1,1,0,1,0,1
http,baltkagroup.com,/mailcheck/source/verification.php,0,2,0,0,0,0,0,1,1,1,1,1,0,1
http,nordaglia.com,/gcheck/source/verification.php,0,0,0,0,0,0,0,1,1,1,1,1,0,1
http,baltkagroup.com,/check/source/verification.php,0,0,0,0,0,0,0,1,1,1,1,1,0,1
http,the-yellows.eu,/www.paypal.com/paypal/www.PayPal.com%20Full-Z/ffggf5g9652g6g526g2g6dgd2g6g26g5gf63g26g52g/,0,1,0,0,1,1,0,1,1,1,1,1,0,1
http,wpcgwadar.com,/Mayor/Wm.php,0,0,0,0,0,0,0,1,1,1,1,1,0,1
http,brimkers.com,/superprojects/aidss/,0,0,0,0,0,0,0,1,1,1,1,1,0,1
http,get-verifi.esy.es,/recovery-chekpoint-login.html,0,2,0,0,1,2,0,1,1,1,1,1,0,1
http,tinyurl.com,/lyol54j,0,0,0,0,0,0,1,0,1,1,0,1,0,1
http,the-yellows.eu,/www.paypal.com/paypal/www.PayPal.com%20Full-Z/ffggf5g9652g6g526g2g6dgd2g6g26g5gf63g26g52g/webscr.html,0,1,0,0,1,1,0,1,1,1,1,1,0,1
http,adds-info-pages2017.hol.es,/recovery-chekpoint-login.html,0,2,0,0,1,2,0,1,1,1,1,1,0,1
http,pc-virus-373n3lc.info,/,0,0,0,0,1,0,0,1,1,1,1,1,0,1
http,theparlourbeautyrooms.ie,/jimu/gmx/gmx.html,0,0,0,0,0,0,0,1,1,1,0,1,0,1
http,loogin-facebook-checkpoin7888.esy.es,/confirmation/,0,2,0,0,1,0,0,1,1,1,1,1,0,1
http,studycanberra.com,/boaa/step3.html,0,0,0,0,0,0,0,1,1,1,0,1,0,1
http,studycanberra.com,/boaa/step2.html,0,0,0,0,0,0,0,1,1,1,0,1,0,1
http,studycanberra.com,/boaa/step1.html,0,0,0,0,0,0,0,1,1,1,0,1,0,1
http,mobile-free.metulwx.com,/mobile/impaye/8c38590d8b9294bd252db02c0e55650f/,0,1,0,0,1,0,1,1,1,1,1,1,0,1
https,www.chevysportsman.com,/xxxxx/Aol/aol.htm,0,0,0,0,0,2,0,1,1,1,0,1,0,1
http,nasydco.com,/wp-includes/paypal.com.au/webscr.html,0,2,0,0,0,1,0,2,1,1,0,1,0,1
http,notif-offices.esy.es,/recovery-chekpoint-login.html,0,2,0,0,1,2,0,1,1,1,1,1,0,1
http,cover-acct2083.esy.es,/index.html,0,0,0,0,1,2,0,1,1,1,1,1,0,1
http,skanke.no,/wp-content/themes/moc.htm,0,0,0,0,0,0,0,1,1,1,0,1,0,1
http,wickedsickness.com,/lkjshx/mailbox/index.php,0,2,1,0,0,2,0,1,1,1,1,1,0,1
http,mailemacces.form2pay.com,/accessmails.html,0,0,0,0,0,2,0,2,1,1,0,1,0,1
http,tinyurl.com,/kqoverh,0,0,0,0,0,0,1,0,1,1,0,1,0,1
http,www.inhomecareidaho.com,/wp-includes/news/dropbaka/07b4089c45eabdd3349d4d8ba473301a/pindex.php,0,1,0,0,0,2,0,1,1,1,1,1,0,1
http,selectonline24hs.com,/protecao/mobi.php,0,0,0,0,0,0,0,1,1,1,1,1,0,1
http,selectonline24hs.com,/protecao/,0,0,0,0,0,0,0,1,1,1,1,1,0,1
http,bit.ly,/2oPEpec,0,0,0,0,0,0,1,0,1,1,0,1,0,1
http,www.theyolostore.com,/js/calendar/skins/aqua/welcome/AOL/index-aol.html,0,1,0,0,0,2,0,1,1,1,0,1,0,1
http,question.pcubelive.com,/investment/html/,0,0,0,0,0,0,0,2,1,1,1,1,0,1
http,kamazcentr.nichost.ru,/media/k2/index2.html,0,0,0,0,0,2,0,1,1,1,0,1,0,1
https,bloggersport.org,/wp/ice/019b523910bc10f01e6f1c97caa50942/,0,2,0,0,0,0,0,1,1,1,1,1,0,1
http,emax.kiev.ua,/wp-admin/network/online/ppl/b5579b272d610f0640c300afb0bda1ce/,0,1,0,0,0,0,0,2,1,1,0,1,0,1
http,privatewebschool.esy.es,/Mafioz0o_v1,0,0,0,0,0,0,0,1,1,1,1,1,0,1
http,privatewebschool.esy.es,/Mafioz0o_v1/,0,0,0,0,0,0,0,1,1,1,1,1,0,1
https,forms.zohopublic.com,/adminhelpdesk/form/Reunionformforindividual/formperma/b0e00045C9hHf46k0BK80mG4B,0,1,0,0,0,0,0,0,1,1,0,1,0,1
https,www.australinvestment.com,/.NSGG/B/,0,0,0,0,0,2,1,1,1,1,0,1,0,1
http,medicareindiana.com,/wp-includes/js/autoexcel/excel/excel.php,0,1,0,0,0,2,0,1,1,1,0,1,0,1
http,jobduties.org,/boj/bmg/,0,0,0,0,0,0,0,2,1,1,0,1,0,1
http,www.wanderfootventures.com,/images/admin/match.html,0,2,0,0,0,2,0,1,1,1,0,1,0,1
http,w-reia.com,/suntitle/new.php,0,1,0,0,1,0,0,1,1,1,1,1,0,1
http,w-reia.com,/bremer/new.php,0,1,0,0,1,0,0,1,1,1,1,1,0,1
http,cenkershipping.com,/wp-content/upload/moc.htm,0,0,0,0,0,0,0,1,1,1,0,1,0,1
http,www.mltmarine.com,/ml/Tr4p/bf653e242e090f4367f03ec51d4c779e/,0,2,0,0,0,0,0,1,1,1,0,1,0,1
http,ultravioleta.com.br,/webalizer/-/2017/Atualizacao.Santander-evite-transtornos/Atualizacao.Santander2016/,0,1,0,0,0,1,0,1,1,1,0,1,0,1
http,mundialpecas.com,/gdc/wp-admiin/wp-admiin/admiinn/index.htm,0,2,0,0,0,0,0,1,1,1,0,1,0,1
http,subscribe-free.info,/Mobiels37627/33fa0/07dc9/moncompte/index.php,0,2,0,0,1,0,0,1,1,1,1,1,0,1
http,payqal-com-secured.user-recover-id.igg.biz,/da90b0e6d260ad69c12c7db6333dd256MjI4MTVhM2FjZWJkZmU3ZTJjYjYwNmZhMTAyMjkwYTA=/,0,1,0,0,1,2,0,2,1,1,0,1,0,1
https,www.australinvestment.com,/.NSGG/B/,0,1,0,0,0,2,1,1,1,1,0,1,0,1
http,www.alaedincenter.com,/.modul/.triads/board3/blackboard.htm,0,2,0,0,0,1,0,1,1,1,0,1,0,1
http,j8x.96.lt,/f/,0,0,0,0,0,0,0,0,1,1,1,1,0,1
http,support-5560.hol.es,/confirmation,0,0,0,0,1,0,0,1,1,1,1,1,0,1
http,vetsipujcka.cz,/,0,2,0,0,0,0,0,1,1,1,0,1,0,1
http,acct-recovery-check.esy.es,/index.html,0,0,0,0,1,2,0,1,1,1,1,1,0,1
http,ulrickfdghj123456.com,/kffjdjsk/Validation/,0,0,0,0,0,0,0,1,1,1,1,1,0,1
http,safety-check-64879.esy.es,/index.html,0,0,0,0,1,2,0,1,1,1,1,1,0,1
http,forryscountrystore.com,/wp-content/gallery/dpbx/,0,2,0,0,0,0,0,1,1,1,0,1,0,1
http,safety-check-98735.esy.es,/index.html,0,0,0,0,1,2,0,1,1,1,1,1,0,1
http,usbank-auth37code.esy.es,/USDB/Home/home/auth/,0,0,0,0,1,0,0,1,1,1,1,1,0,1
http,acct8877.esy.es,/index.html,0,0,0,0,0,2,0,1,1,1,1,1,0,1
http,02929483338cocq.000webhostapp.com,/1.html,0,0,0,0,0,2,0,0,1,1,0,1,0,1
http,safety-check-28365.esy.es,/index.html,0,0,0,0,1,2,0,1,1,1,1,1,0,1
http,recover8544.esy.es,/index.html,0,0,0,0,0,2,0,1,1,1,1,1,0,1
http,safety-check-67894.esy.es,/index.html,0,0,0,0,1,2,0,1,1,1,1,1,0,1
https,1drv.ms,/xs/s!AvfoNB0AXVhBqm2v9e3mLYZGm2Y8,0,0,0,0,0,0,0,2,1,1,0,1,0,1
http,ow.ly,/2G1V30bdj5z,0,0,0,0,0,0,1,2,1,1,1,1,0,1
http,distrisopecas.com.br,/contato/Adobepdf/,0,0,0,0,0,0,0,1,1,1,0,1,0,1
http,muvolam.com,//yahu/yahoo/login_verify2&amp;.src=ym/mail.html,0,2,0,1,0,2,0,1,1,1,0,1,0,1
http,unitedgpdev.com,/fonts/paglg/personas/,0,0,0,0,0,0,0,1,1,1,0,1,0,1
http,asyastil.com,/cats/3/1/06/87zrazsazr4a9raz/,0,0,0,0,0,0,0,1,1,1,1,1,0,1
http,web-appsantander.com,/pessoajuridica/index.html,0,0,0,0,1,0,0,1,1,1,1,1,0,1
http,fb-securityloginfo406txt.esy.es,/recovery-chekpoint-login.html,0,2,0,0,1,2,0,1,1,1,1,1,0,1
http,fb-securityloginfo407txt.esy.es,/recovery-chekpoint-login.html,0,2,0,0,1,2,0,1,1,1,1,1,0,1
https,www.paypal-customerfeedback.com,/,0,2,0,0,1,0,0,0,1,1,0,1,0,1
http,sign-app-privacy.hol.es,/logins.php,0,0,0,0,1,2,0,1,1,1,1,1,0,1
http,fedex.com-0289.systems,/d4f9b7694dfe6fb2424e2702b25e4c8f/,0,2,0,0,1,0,1,1,1,1,1,1,0,1
http,fedex.com-0289.systems,/c020032173ca2ec8e69b523158bb67ee/,0,2,0,0,1,0,1,1,1,1,1,1,0,1
http,fedex.com-0289.systems,/track.php,0,0,0,0,1,2,1,1,1,1,1,1,0,1
http,fedex.56690.services,/rd01.htm,0,0,0,0,0,2,0,1,1,1,1,1,0,1
http,pleasantonassembly.org,/vendor_extra/pear/xs/,0,0,0,0,0,0,0,1,1,1,0,1,0,1
http,cover-acct1029.esy.es,/index.html,0,0,0,0,1,2,0,1,1,1,1,1,0,1
http,suspended-fb.hol.es,/logins.php,0,0,0,0,1,2,0,1,1,1,1,1,0,1
http,freestyle.d934713.u-telcom.net,/Boa_Fud_2016/home/login.php,0,1,0,0,1,1,0,2,1,1,0,1,0,1
http,rooferexpert.com,/css/8933617-dosar-nr-1817842015/394c-4735-8239-9c8f64a5248/botosani_firme/62d8fdbacfc03c476d4fb331d04bb3e8/,0,1,1,0,0,1,1,1,1,1,1,1,0,1
http,demo.369usa.com,/admin/mobile.free.fr/c5dd3c6e449f9a592032f9d54c987417/moncompte/confirmation.php,0,1,0,0,0,1,0,2,1,1,1,1,0,1
http,dhalander.com.br,/cadastro_cliente77/atendimento_pessoa_fisica/atualizar/index1.php,0,1,0,0,0,2,0,1,1,1,0,1,0,1
http,classified38.ir,/pedro/avast-verified-secured-shared-files-2017/document.php,0,1,0,0,0,0,0,1,1,1,1,1,0,1
http,jnep.sumdu.edu.ua,/images/fra/fraaa/fraaaaa/9b4465016edb09ae73e4c0b2f1da1d44/,0,1,0,0,0,2,0,0,1,1,0,1,0,1
http,confifsk.sumdu.edu.ua,/images/fra/fraaa/fraaaaa/index.php,0,2,0,0,0,1,0,0,1,1,0,1,0,1
https,www.gem.tools,/shell/dejiwire/fmsk/garyspeed/23f054ce024a3113f0301273182520ca/,0,1,0,0,0,0,0,1,1,1,1,1,0,1
http,sunnsand.biz,/pics/qgrpmkdbnfvcsxeropwkm/secureserver.caconexoes.com.br/home/login.php,0,1,0,0,0,1,0,1,1,1,1,1,0,1
http,garrisoncontracting.ca,/wp-content/gallery/doors/ele/,0,2,0,0,0,0,0,1,1,1,0,1,0,1
http,hecmk.com,/doc/es/,0,0,0,0,0,0,0,1,1,1,1,1,0,1
http,unione-ae.com,/gallery/Purchase/googledrive.php,0,0,0,0,1,0,0,1,1,1,0,1,0,1
http,payasgo.org,/exoduse/review/index.php,0,2,1,0,0,2,0,1,1,1,1,1,0,1
http,kalempong-godang-2017.16mb.com,/blocked/recovery_login.html,0,2,0,0,1,2,0,1,1,1,1,1,0,1
http,unblocking-notice.co.nf,/verify/index.htm,0,0,0,0,1,2,0,2,1,1,0,1,0,1
http,fb-secure-notifications.hol.es,/service/index.php,0,2,0,0,1,2,0,1,1,1,1,1,0,1
http,radiocatolicalaconsentida.com,/funciones/oba/DHLAUTO/DHLAUTO/DHL%20AUTO/dhl.php,0,1,1,0,0,1,0,1,1,1,0,1,0,1
http,mobile-free.kofoed-fr.com,/Compte/93843687342927348376/8325682376834768237648/09644/5d413/moncompte/index.php,0,1,0,0,1,2,0,1,1,1,1,1,0,1
http,mashtaresort.com,/mail.htm,0,1,0,0,0,0,1,1,1,1,1,1,0,1
http,mobile-free.kofoed-fr.com,/Compte/93843687342927348376/8325682376834768237648/92029/d8cd1/moncompte/index.php,0,1,0,0,1,2,0,1,1,1,1,1,0,1
http,www.jomjb.com,/adobeaa/JSK/Adobe/adobeaa/c508d1ed1a9423f3071c338285cc3792/,0,1,0,0,0,0,0,1,1,1,0,1,0,1
http,faboleena.com,/js/infortis/jquery/plugins/minicolors/Ameli/PortailAS/appmanager/PortailAS/assure_somtc=true/33bc67b63168dcc8f929990039d7cccb/index_2.html,0,1,0,0,0,0,0,1,1,1,1,1,0,1
http,www.guzheng.com.my,/libraries/joomla/session/storage/regional/2f8a3b8b8d138ec1436f68f5ef5c9288/Connexion.php,0,1,0,0,0,1,0,1,1,1,0,1,0,1
http,www.ioam.org.cn,/plugins/system/AtendimentoCliente-98.890.332_/654fa6we54f6a4u6d5fi4fgu65o4fgh354d1f3ga2sd4fa8sdf7a9sdf.html,0,1,0,0,0,1,0,2,1,1,0,1,0,1
https,theparlourbeautyrooms.ie,/dehl/Yah/T/Y1.html,0,0,0,0,0,0,0,1,1,1,0,1,0,1
http,loogin-facebook-settinggst.esy.es,/confirmations/,0,2,0,0,1,0,0,1,1,1,1,1,0,1
http,halpcenter-acontscheck.esy.es,/recovery-chekpoint-login.html,0,2,0,0,1,2,0,1,1,1,1,1,0,1
